orientation,row,col,pin_num_in_cell,port_name,mapped_pin,GPIO_type,Associated Clock,Clock Edge
TOP,25,1,0,gfpga_pad_IO_A2F[0],,,,
TOP,25,1,1,gfpga_pad_IO_A2F[1],,,,
TOP,25,1,2,gfpga_pad_IO_A2F[2],,,,
TOP,25,1,3,gfpga_pad_IO_A2F[3],,,,
TOP,25,1,4,gfpga_pad_IO_A2F[4],,,,
TOP,25,1,5,gfpga_pad_IO_A2F[5],,,,
TOP,25,1,6,gfpga_pad_IO_A2F[6],,,,
TOP,25,1,7,gfpga_pad_IO_A2F[7],,,,
TOP,25,1,8,gfpga_pad_IO_A2F[8],,,,
TOP,25,1,9,gfpga_pad_IO_A2F[9],,,,
TOP,25,1,10,gfpga_pad_IO_A2F[10],,,,
TOP,25,1,11,gfpga_pad_IO_A2F[11],,,,
TOP,25,1,12,gfpga_pad_IO_A2F[12],,,,
TOP,25,1,13,gfpga_pad_IO_A2F[13],,,,
TOP,25,1,14,gfpga_pad_IO_A2F[14],,,,
TOP,25,1,15,gfpga_pad_IO_A2F[15],,,,
TOP,25,2,0,gfpga_pad_IO_A2F[16],,,,
TOP,25,2,1,gfpga_pad_IO_A2F[17],,,,
TOP,25,2,2,gfpga_pad_IO_A2F[18],,,,
TOP,25,2,3,gfpga_pad_IO_A2F[19],,,,
TOP,25,2,4,gfpga_pad_IO_A2F[20],,,,
TOP,25,2,5,gfpga_pad_IO_A2F[21],,,,
TOP,25,2,6,gfpga_pad_IO_A2F[22],,,,
TOP,25,2,7,gfpga_pad_IO_A2F[23],,,,
TOP,25,2,8,gfpga_pad_IO_A2F[24],,,,
TOP,25,2,9,gfpga_pad_IO_A2F[25],,,,
TOP,25,2,10,gfpga_pad_IO_A2F[26],,,,
TOP,25,2,11,gfpga_pad_IO_A2F[27],,,,
TOP,25,2,12,gfpga_pad_IO_A2F[28],,,,
TOP,25,2,13,gfpga_pad_IO_A2F[29],,,,
TOP,25,2,14,gfpga_pad_IO_A2F[30],,,,
TOP,25,2,15,gfpga_pad_IO_A2F[31],,,,
TOP,25,3,0,gfpga_pad_IO_A2F[32],,,,
TOP,25,3,1,gfpga_pad_IO_A2F[33],,,,
TOP,25,3,2,gfpga_pad_IO_A2F[34],,,,
TOP,25,3,3,gfpga_pad_IO_A2F[35],,,,
TOP,25,3,4,gfpga_pad_IO_A2F[36],,,,
TOP,25,3,5,gfpga_pad_IO_A2F[37],,,,
TOP,25,3,6,gfpga_pad_IO_A2F[38],,,,
TOP,25,3,7,gfpga_pad_IO_A2F[39],,,,
TOP,25,3,8,gfpga_pad_IO_A2F[40],,,,
TOP,25,3,9,gfpga_pad_IO_A2F[41],,,,
TOP,25,3,10,gfpga_pad_IO_A2F[42],,,,
TOP,25,3,11,gfpga_pad_IO_A2F[43],,,,
TOP,25,3,12,gfpga_pad_IO_A2F[44],,,,
TOP,25,3,13,gfpga_pad_IO_A2F[45],,,,
TOP,25,3,14,gfpga_pad_IO_A2F[46],,,,
TOP,25,3,15,gfpga_pad_IO_A2F[47],,,,
TOP,25,4,0,gfpga_pad_IO_A2F[48],,,,
TOP,25,4,1,gfpga_pad_IO_A2F[49],,,,
TOP,25,4,2,gfpga_pad_IO_A2F[50],,,,
TOP,25,4,3,gfpga_pad_IO_A2F[51],,,,
TOP,25,4,4,gfpga_pad_IO_A2F[52],,,,
TOP,25,4,5,gfpga_pad_IO_A2F[53],,,,
TOP,25,4,6,gfpga_pad_IO_A2F[54],,,,
TOP,25,4,7,gfpga_pad_IO_A2F[55],,,,
TOP,25,4,8,gfpga_pad_IO_A2F[56],,,,
TOP,25,4,9,gfpga_pad_IO_A2F[57],,,,
TOP,25,4,10,gfpga_pad_IO_A2F[58],,,,
TOP,25,4,11,gfpga_pad_IO_A2F[59],,,,
TOP,25,4,12,gfpga_pad_IO_A2F[60],,,,
TOP,25,4,13,gfpga_pad_IO_A2F[61],,,,
TOP,25,4,14,gfpga_pad_IO_A2F[62],,,,
TOP,25,4,15,gfpga_pad_IO_A2F[63],,,,
TOP,25,5,0,gfpga_pad_IO_A2F[64],,,,
TOP,25,5,1,gfpga_pad_IO_A2F[65],,,,
TOP,25,5,2,gfpga_pad_IO_A2F[66],,,,
TOP,25,5,3,gfpga_pad_IO_A2F[67],,,,
TOP,25,5,4,gfpga_pad_IO_A2F[68],,,,
TOP,25,5,5,gfpga_pad_IO_A2F[69],,,,
TOP,25,5,6,gfpga_pad_IO_A2F[70],,,,
TOP,25,5,7,gfpga_pad_IO_A2F[71],,,,
TOP,25,5,8,gfpga_pad_IO_A2F[72],,,,
TOP,25,5,9,gfpga_pad_IO_A2F[73],,,,
TOP,25,5,10,gfpga_pad_IO_A2F[74],,,,
TOP,25,5,11,gfpga_pad_IO_A2F[75],,,,
TOP,25,5,12,gfpga_pad_IO_A2F[76],,,,
TOP,25,5,13,gfpga_pad_IO_A2F[77],,,,
TOP,25,5,14,gfpga_pad_IO_A2F[78],,,,
TOP,25,5,15,gfpga_pad_IO_A2F[79],,,,
TOP,25,6,0,gfpga_pad_IO_A2F[80],,,,
TOP,25,6,1,gfpga_pad_IO_A2F[81],,,,
TOP,25,6,2,gfpga_pad_IO_A2F[82],,,,
TOP,25,6,3,gfpga_pad_IO_A2F[83],,,,
TOP,25,6,4,gfpga_pad_IO_A2F[84],,,,
TOP,25,6,5,gfpga_pad_IO_A2F[85],,,,
TOP,25,6,6,gfpga_pad_IO_A2F[86],,,,
TOP,25,6,7,gfpga_pad_IO_A2F[87],,,,
TOP,25,6,8,gfpga_pad_IO_A2F[88],,,,
TOP,25,6,9,gfpga_pad_IO_A2F[89],,,,
TOP,25,6,10,gfpga_pad_IO_A2F[90],,,,
TOP,25,6,11,gfpga_pad_IO_A2F[91],,,,
TOP,25,6,12,gfpga_pad_IO_A2F[92],,,,
TOP,25,6,13,gfpga_pad_IO_A2F[93],,,,
TOP,25,6,14,gfpga_pad_IO_A2F[94],,,,
TOP,25,6,15,gfpga_pad_IO_A2F[95],,,,
TOP,25,7,0,gfpga_pad_IO_A2F[96],,,,
TOP,25,7,1,gfpga_pad_IO_A2F[97],,,,
TOP,25,7,2,gfpga_pad_IO_A2F[98],,,,
TOP,25,7,3,gfpga_pad_IO_A2F[99],,,,
TOP,25,7,4,gfpga_pad_IO_A2F[100],,,,
TOP,25,7,5,gfpga_pad_IO_A2F[101],,,,
TOP,25,7,6,gfpga_pad_IO_A2F[102],,,,
TOP,25,7,7,gfpga_pad_IO_A2F[103],,,,
TOP,25,7,8,gfpga_pad_IO_A2F[104],,,,
TOP,25,7,9,gfpga_pad_IO_A2F[105],,,,
TOP,25,7,10,gfpga_pad_IO_A2F[106],,,,
TOP,25,7,11,gfpga_pad_IO_A2F[107],,,,
TOP,25,7,12,gfpga_pad_IO_A2F[108],,,,
TOP,25,7,13,gfpga_pad_IO_A2F[109],,,,
TOP,25,7,14,gfpga_pad_IO_A2F[110],,,,
TOP,25,7,15,gfpga_pad_IO_A2F[111],,,,
TOP,25,8,0,gfpga_pad_IO_A2F[112],,,,
TOP,25,8,1,gfpga_pad_IO_A2F[113],,,,
TOP,25,8,2,gfpga_pad_IO_A2F[114],,,,
TOP,25,8,3,gfpga_pad_IO_A2F[115],,,,
TOP,25,8,4,gfpga_pad_IO_A2F[116],,,,
TOP,25,8,5,gfpga_pad_IO_A2F[117],,,,
TOP,25,8,6,gfpga_pad_IO_A2F[118],,,,
TOP,25,8,7,gfpga_pad_IO_A2F[119],,,,
TOP,25,8,8,gfpga_pad_IO_A2F[120],,,,
TOP,25,8,9,gfpga_pad_IO_A2F[121],,,,
TOP,25,8,10,gfpga_pad_IO_A2F[122],,,,
TOP,25,8,11,gfpga_pad_IO_A2F[123],,,,
TOP,25,8,12,gfpga_pad_IO_A2F[124],,,,
TOP,25,8,13,gfpga_pad_IO_A2F[125],,,,
TOP,25,8,14,gfpga_pad_IO_A2F[126],,,,
TOP,25,8,15,gfpga_pad_IO_A2F[127],,,,
TOP,25,9,0,gfpga_pad_IO_A2F[128],,,,
TOP,25,9,1,gfpga_pad_IO_A2F[129],,,,
TOP,25,9,2,gfpga_pad_IO_A2F[130],,,,
TOP,25,9,3,gfpga_pad_IO_A2F[131],,,,
TOP,25,9,4,gfpga_pad_IO_A2F[132],,,,
TOP,25,9,5,gfpga_pad_IO_A2F[133],,,,
TOP,25,9,6,gfpga_pad_IO_A2F[134],,,,
TOP,25,9,7,gfpga_pad_IO_A2F[135],,,,
TOP,25,9,8,gfpga_pad_IO_A2F[136],,,,
TOP,25,9,9,gfpga_pad_IO_A2F[137],,,,
TOP,25,9,10,gfpga_pad_IO_A2F[138],,,,
TOP,25,9,11,gfpga_pad_IO_A2F[139],,,,
TOP,25,9,12,gfpga_pad_IO_A2F[140],,,,
TOP,25,9,13,gfpga_pad_IO_A2F[141],,,,
TOP,25,9,14,gfpga_pad_IO_A2F[142],,,,
TOP,25,9,15,gfpga_pad_IO_A2F[143],,,,
TOP,25,10,0,gfpga_pad_IO_A2F[144],,,,
TOP,25,10,1,gfpga_pad_IO_A2F[145],,,,
TOP,25,10,2,gfpga_pad_IO_A2F[146],,,,
TOP,25,10,3,gfpga_pad_IO_A2F[147],,,,
TOP,25,10,4,gfpga_pad_IO_A2F[148],,,,
TOP,25,10,5,gfpga_pad_IO_A2F[149],,,,
TOP,25,10,6,gfpga_pad_IO_A2F[150],,,,
TOP,25,10,7,gfpga_pad_IO_A2F[151],,,,
TOP,25,10,8,gfpga_pad_IO_A2F[152],,,,
TOP,25,10,9,gfpga_pad_IO_A2F[153],,,,
TOP,25,10,10,gfpga_pad_IO_A2F[154],,,,
TOP,25,10,11,gfpga_pad_IO_A2F[155],,,,
TOP,25,10,12,gfpga_pad_IO_A2F[156],,,,
TOP,25,10,13,gfpga_pad_IO_A2F[157],,,,
TOP,25,10,14,gfpga_pad_IO_A2F[158],,,,
TOP,25,10,15,gfpga_pad_IO_A2F[159],,,,
TOP,25,11,0,gfpga_pad_IO_A2F[160],,,,
TOP,25,11,1,gfpga_pad_IO_A2F[161],,,,
TOP,25,11,2,gfpga_pad_IO_A2F[162],,,,
TOP,25,11,3,gfpga_pad_IO_A2F[163],,,,
TOP,25,11,4,gfpga_pad_IO_A2F[164],,,,
TOP,25,11,5,gfpga_pad_IO_A2F[165],,,,
TOP,25,11,6,gfpga_pad_IO_A2F[166],,,,
TOP,25,11,7,gfpga_pad_IO_A2F[167],,,,
TOP,25,11,8,gfpga_pad_IO_A2F[168],,,,
TOP,25,11,9,gfpga_pad_IO_A2F[169],,,,
TOP,25,11,10,gfpga_pad_IO_A2F[170],,,,
TOP,25,11,11,gfpga_pad_IO_A2F[171],,,,
TOP,25,11,12,gfpga_pad_IO_A2F[172],,,,
TOP,25,11,13,gfpga_pad_IO_A2F[173],,,,
TOP,25,11,14,gfpga_pad_IO_A2F[174],,,,
TOP,25,11,15,gfpga_pad_IO_A2F[175],,,,
TOP,25,12,0,gfpga_pad_IO_A2F[176],,,,
TOP,25,12,1,gfpga_pad_IO_A2F[177],,,,
TOP,25,12,2,gfpga_pad_IO_A2F[178],,,,
TOP,25,12,3,gfpga_pad_IO_A2F[179],,,,
TOP,25,12,4,gfpga_pad_IO_A2F[180],,,,
TOP,25,12,5,gfpga_pad_IO_A2F[181],,,,
TOP,25,12,6,gfpga_pad_IO_A2F[182],,,,
TOP,25,12,7,gfpga_pad_IO_A2F[183],,,,
TOP,25,12,8,gfpga_pad_IO_A2F[184],,,,
TOP,25,12,9,gfpga_pad_IO_A2F[185],,,,
TOP,25,12,10,gfpga_pad_IO_A2F[186],,,,
TOP,25,12,11,gfpga_pad_IO_A2F[187],,,,
TOP,25,12,12,gfpga_pad_IO_A2F[188],,,,
TOP,25,12,13,gfpga_pad_IO_A2F[189],,,,
TOP,25,12,14,gfpga_pad_IO_A2F[190],,,,
TOP,25,12,15,gfpga_pad_IO_A2F[191],,,,
TOP,25,13,0,gfpga_pad_IO_A2F[192],,,,
TOP,25,13,1,gfpga_pad_IO_A2F[193],,,,
TOP,25,13,2,gfpga_pad_IO_A2F[194],,,,
TOP,25,13,3,gfpga_pad_IO_A2F[195],,,,
TOP,25,13,4,gfpga_pad_IO_A2F[196],,,,
TOP,25,13,5,gfpga_pad_IO_A2F[197],,,,
TOP,25,13,6,gfpga_pad_IO_A2F[198],,,,
TOP,25,13,7,gfpga_pad_IO_A2F[199],,,,
TOP,25,13,8,gfpga_pad_IO_A2F[200],,,,
TOP,25,13,9,gfpga_pad_IO_A2F[201],,,,
TOP,25,13,10,gfpga_pad_IO_A2F[202],,,,
TOP,25,13,11,gfpga_pad_IO_A2F[203],,,,
TOP,25,13,12,gfpga_pad_IO_A2F[204],,,,
TOP,25,13,13,gfpga_pad_IO_A2F[205],,,,
TOP,25,13,14,gfpga_pad_IO_A2F[206],,,,
TOP,25,13,15,gfpga_pad_IO_A2F[207],,,,
TOP,25,14,0,gfpga_pad_IO_A2F[208],,,,
TOP,25,14,1,gfpga_pad_IO_A2F[209],,,,
TOP,25,14,2,gfpga_pad_IO_A2F[210],,,,
TOP,25,14,3,gfpga_pad_IO_A2F[211],,,,
TOP,25,14,4,gfpga_pad_IO_A2F[212],,,,
TOP,25,14,5,gfpga_pad_IO_A2F[213],,,,
TOP,25,14,6,gfpga_pad_IO_A2F[214],,,,
TOP,25,14,7,gfpga_pad_IO_A2F[215],,,,
TOP,25,14,8,gfpga_pad_IO_A2F[216],,,,
TOP,25,14,9,gfpga_pad_IO_A2F[217],,,,
TOP,25,14,10,gfpga_pad_IO_A2F[218],,,,
TOP,25,14,11,gfpga_pad_IO_A2F[219],,,,
TOP,25,14,12,gfpga_pad_IO_A2F[220],,,,
TOP,25,14,13,gfpga_pad_IO_A2F[221],,,,
TOP,25,14,14,gfpga_pad_IO_A2F[222],,,,
TOP,25,14,15,gfpga_pad_IO_A2F[223],,,,
TOP,25,15,0,gfpga_pad_IO_A2F[224],,,,
TOP,25,15,1,gfpga_pad_IO_A2F[225],,,,
TOP,25,15,2,gfpga_pad_IO_A2F[226],,,,
TOP,25,15,3,gfpga_pad_IO_A2F[227],,,,
TOP,25,15,4,gfpga_pad_IO_A2F[228],,,,
TOP,25,15,5,gfpga_pad_IO_A2F[229],,,,
TOP,25,15,6,gfpga_pad_IO_A2F[230],,,,
TOP,25,15,7,gfpga_pad_IO_A2F[231],,,,
TOP,25,15,8,gfpga_pad_IO_A2F[232],,,,
TOP,25,15,9,gfpga_pad_IO_A2F[233],,,,
TOP,25,15,10,gfpga_pad_IO_A2F[234],,,,
TOP,25,15,11,gfpga_pad_IO_A2F[235],,,,
TOP,25,15,12,gfpga_pad_IO_A2F[236],,,,
TOP,25,15,13,gfpga_pad_IO_A2F[237],,,,
TOP,25,15,14,gfpga_pad_IO_A2F[238],,,,
TOP,25,15,15,gfpga_pad_IO_A2F[239],,,,
TOP,25,16,0,gfpga_pad_IO_A2F[240],,,,
TOP,25,16,1,gfpga_pad_IO_A2F[241],,,,
TOP,25,16,2,gfpga_pad_IO_A2F[242],,,,
TOP,25,16,3,gfpga_pad_IO_A2F[243],,,,
TOP,25,16,4,gfpga_pad_IO_A2F[244],,,,
TOP,25,16,5,gfpga_pad_IO_A2F[245],,,,
TOP,25,16,6,gfpga_pad_IO_A2F[246],,,,
TOP,25,16,7,gfpga_pad_IO_A2F[247],,,,
TOP,25,16,8,gfpga_pad_IO_A2F[248],,,,
TOP,25,16,9,gfpga_pad_IO_A2F[249],,,,
TOP,25,16,10,gfpga_pad_IO_A2F[250],,,,
TOP,25,16,11,gfpga_pad_IO_A2F[251],,,,
TOP,25,16,12,gfpga_pad_IO_A2F[252],,,,
TOP,25,16,13,gfpga_pad_IO_A2F[253],,,,
TOP,25,16,14,gfpga_pad_IO_A2F[254],,,,
TOP,25,16,15,gfpga_pad_IO_A2F[255],,,,
TOP,25,17,0,gfpga_pad_IO_A2F[256],,,,
TOP,25,17,1,gfpga_pad_IO_A2F[257],,,,
TOP,25,17,2,gfpga_pad_IO_A2F[258],,,,
TOP,25,17,3,gfpga_pad_IO_A2F[259],,,,
TOP,25,17,4,gfpga_pad_IO_A2F[260],,,,
TOP,25,17,5,gfpga_pad_IO_A2F[261],,,,
TOP,25,17,6,gfpga_pad_IO_A2F[262],,,,
TOP,25,17,7,gfpga_pad_IO_A2F[263],,,,
TOP,25,17,8,gfpga_pad_IO_A2F[264],,,,
TOP,25,17,9,gfpga_pad_IO_A2F[265],,,,
TOP,25,17,10,gfpga_pad_IO_A2F[266],,,,
TOP,25,17,11,gfpga_pad_IO_A2F[267],,,,
TOP,25,17,12,gfpga_pad_IO_A2F[268],,,,
TOP,25,17,13,gfpga_pad_IO_A2F[269],,,,
TOP,25,17,14,gfpga_pad_IO_A2F[270],,,,
TOP,25,17,15,gfpga_pad_IO_A2F[271],,,,
TOP,25,18,0,gfpga_pad_IO_A2F[272],,,,
TOP,25,18,1,gfpga_pad_IO_A2F[273],,,,
TOP,25,18,2,gfpga_pad_IO_A2F[274],,,,
TOP,25,18,3,gfpga_pad_IO_A2F[275],,,,
TOP,25,18,4,gfpga_pad_IO_A2F[276],,,,
TOP,25,18,5,gfpga_pad_IO_A2F[277],,,,
TOP,25,18,6,gfpga_pad_IO_A2F[278],,,,
TOP,25,18,7,gfpga_pad_IO_A2F[279],,,,
TOP,25,18,8,gfpga_pad_IO_A2F[280],,,,
TOP,25,18,9,gfpga_pad_IO_A2F[281],,,,
TOP,25,18,10,gfpga_pad_IO_A2F[282],,,,
TOP,25,18,11,gfpga_pad_IO_A2F[283],,,,
TOP,25,18,12,gfpga_pad_IO_A2F[284],,,,
TOP,25,18,13,gfpga_pad_IO_A2F[285],,,,
TOP,25,18,14,gfpga_pad_IO_A2F[286],,,,
TOP,25,18,15,gfpga_pad_IO_A2F[287],,,,
TOP,25,19,0,gfpga_pad_IO_A2F[288],,,,
TOP,25,19,1,gfpga_pad_IO_A2F[289],,,,
TOP,25,19,2,gfpga_pad_IO_A2F[290],,,,
TOP,25,19,3,gfpga_pad_IO_A2F[291],,,,
TOP,25,19,4,gfpga_pad_IO_A2F[292],,,,
TOP,25,19,5,gfpga_pad_IO_A2F[293],,,,
TOP,25,19,6,gfpga_pad_IO_A2F[294],,,,
TOP,25,19,7,gfpga_pad_IO_A2F[295],,,,
TOP,25,19,8,gfpga_pad_IO_A2F[296],,,,
TOP,25,19,9,gfpga_pad_IO_A2F[297],,,,
TOP,25,19,10,gfpga_pad_IO_A2F[298],,,,
TOP,25,19,11,gfpga_pad_IO_A2F[299],,,,
TOP,25,19,12,gfpga_pad_IO_A2F[300],,,,
TOP,25,19,13,gfpga_pad_IO_A2F[301],,,,
TOP,25,19,14,gfpga_pad_IO_A2F[302],,,,
TOP,25,19,15,gfpga_pad_IO_A2F[303],,,,
TOP,25,20,0,gfpga_pad_IO_A2F[304],,,,
TOP,25,20,1,gfpga_pad_IO_A2F[305],,,,
TOP,25,20,2,gfpga_pad_IO_A2F[306],,,,
TOP,25,20,3,gfpga_pad_IO_A2F[307],,,,
TOP,25,20,4,gfpga_pad_IO_A2F[308],,,,
TOP,25,20,5,gfpga_pad_IO_A2F[309],,,,
TOP,25,20,6,gfpga_pad_IO_A2F[310],,,,
TOP,25,20,7,gfpga_pad_IO_A2F[311],,,,
TOP,25,20,8,gfpga_pad_IO_A2F[312],,,,
TOP,25,20,9,gfpga_pad_IO_A2F[313],,,,
TOP,25,20,10,gfpga_pad_IO_A2F[314],,,,
TOP,25,20,11,gfpga_pad_IO_A2F[315],,,,
TOP,25,20,12,gfpga_pad_IO_A2F[316],,,,
TOP,25,20,13,gfpga_pad_IO_A2F[317],,,,
TOP,25,20,14,gfpga_pad_IO_A2F[318],,,,
TOP,25,20,15,gfpga_pad_IO_A2F[319],,,,
TOP,25,21,0,gfpga_pad_IO_A2F[320],,,,
TOP,25,21,1,gfpga_pad_IO_A2F[321],,,,
TOP,25,21,2,gfpga_pad_IO_A2F[322],,,,
TOP,25,21,3,gfpga_pad_IO_A2F[323],,,,
TOP,25,21,4,gfpga_pad_IO_A2F[324],,,,
TOP,25,21,5,gfpga_pad_IO_A2F[325],,,,
TOP,25,21,6,gfpga_pad_IO_A2F[326],,,,
TOP,25,21,7,gfpga_pad_IO_A2F[327],,,,
TOP,25,21,8,gfpga_pad_IO_A2F[328],,,,
TOP,25,21,9,gfpga_pad_IO_A2F[329],,,,
TOP,25,21,10,gfpga_pad_IO_A2F[330],,,,
TOP,25,21,11,gfpga_pad_IO_A2F[331],,,,
TOP,25,21,12,gfpga_pad_IO_A2F[332],,,,
TOP,25,21,13,gfpga_pad_IO_A2F[333],,,,
TOP,25,21,14,gfpga_pad_IO_A2F[334],,,,
TOP,25,21,15,gfpga_pad_IO_A2F[335],,,,
TOP,25,22,0,gfpga_pad_IO_A2F[336],,,,
TOP,25,22,1,gfpga_pad_IO_A2F[337],,,,
TOP,25,22,2,gfpga_pad_IO_A2F[338],,,,
TOP,25,22,3,gfpga_pad_IO_A2F[339],,,,
TOP,25,22,4,gfpga_pad_IO_A2F[340],,,,
TOP,25,22,5,gfpga_pad_IO_A2F[341],,,,
TOP,25,22,6,gfpga_pad_IO_A2F[342],,,,
TOP,25,22,7,gfpga_pad_IO_A2F[343],,,,
TOP,25,22,8,gfpga_pad_IO_A2F[344],,,,
TOP,25,22,9,gfpga_pad_IO_A2F[345],,,,
TOP,25,22,10,gfpga_pad_IO_A2F[346],,,,
TOP,25,22,11,gfpga_pad_IO_A2F[347],,,,
TOP,25,22,12,gfpga_pad_IO_A2F[348],,,,
TOP,25,22,13,gfpga_pad_IO_A2F[349],,,,
TOP,25,22,14,gfpga_pad_IO_A2F[350],,,,
TOP,25,22,15,gfpga_pad_IO_A2F[351],,,,
TOP,25,23,0,gfpga_pad_IO_A2F[352],,,,
TOP,25,23,1,gfpga_pad_IO_A2F[353],,,,
TOP,25,23,2,gfpga_pad_IO_A2F[354],,,,
TOP,25,23,3,gfpga_pad_IO_A2F[355],,,,
TOP,25,23,4,gfpga_pad_IO_A2F[356],,,,
TOP,25,23,5,gfpga_pad_IO_A2F[357],,,,
TOP,25,23,6,gfpga_pad_IO_A2F[358],,,,
TOP,25,23,7,gfpga_pad_IO_A2F[359],,,,
TOP,25,23,8,gfpga_pad_IO_A2F[360],,,,
TOP,25,23,9,gfpga_pad_IO_A2F[361],,,,
TOP,25,23,10,gfpga_pad_IO_A2F[362],,,,
TOP,25,23,11,gfpga_pad_IO_A2F[363],,,,
TOP,25,23,12,gfpga_pad_IO_A2F[364],,,,
TOP,25,23,13,gfpga_pad_IO_A2F[365],,,,
TOP,25,23,14,gfpga_pad_IO_A2F[366],,,,
TOP,25,23,15,gfpga_pad_IO_A2F[367],,,,
TOP,25,24,0,gfpga_pad_IO_A2F[368],,,,
TOP,25,24,1,gfpga_pad_IO_A2F[369],,,,
TOP,25,24,2,gfpga_pad_IO_A2F[370],,,,
TOP,25,24,3,gfpga_pad_IO_A2F[371],,,,
TOP,25,24,4,gfpga_pad_IO_A2F[372],,,,
TOP,25,24,5,gfpga_pad_IO_A2F[373],,,,
TOP,25,24,6,gfpga_pad_IO_A2F[374],,,,
TOP,25,24,7,gfpga_pad_IO_A2F[375],,,,
TOP,25,24,8,gfpga_pad_IO_A2F[376],,,,
TOP,25,24,9,gfpga_pad_IO_A2F[377],,,,
TOP,25,24,10,gfpga_pad_IO_A2F[378],,,,
TOP,25,24,11,gfpga_pad_IO_A2F[379],,,,
TOP,25,24,12,gfpga_pad_IO_A2F[380],,,,
TOP,25,24,13,gfpga_pad_IO_A2F[381],,,,
TOP,25,24,14,gfpga_pad_IO_A2F[382],,,,
TOP,25,24,15,gfpga_pad_IO_A2F[383],,,,
BOTTOM,0,24,0,gfpga_pad_IO_A2F[768],,,,
BOTTOM,0,24,1,gfpga_pad_IO_A2F[769],,,,
BOTTOM,0,24,2,gfpga_pad_IO_A2F[770],,,,
BOTTOM,0,24,3,gfpga_pad_IO_A2F[771],,,,
BOTTOM,0,24,4,gfpga_pad_IO_A2F[772],,,,
BOTTOM,0,24,5,gfpga_pad_IO_A2F[773],,,,
BOTTOM,0,24,6,gfpga_pad_IO_A2F[774],,,,
BOTTOM,0,24,7,gfpga_pad_IO_A2F[775],,,,
BOTTOM,0,24,8,gfpga_pad_IO_A2F[776],,,,
BOTTOM,0,24,9,gfpga_pad_IO_A2F[777],,,,
BOTTOM,0,24,10,gfpga_pad_IO_A2F[778],,,,
BOTTOM,0,24,11,gfpga_pad_IO_A2F[779],,,,
BOTTOM,0,24,12,gfpga_pad_IO_A2F[780],,,,
BOTTOM,0,24,13,gfpga_pad_IO_A2F[781],,,,
BOTTOM,0,24,14,gfpga_pad_IO_A2F[782],,,,
BOTTOM,0,24,15,gfpga_pad_IO_A2F[783],,,,
BOTTOM,0,23,0,gfpga_pad_IO_A2F[784],,,,
BOTTOM,0,23,1,gfpga_pad_IO_A2F[785],,,,
BOTTOM,0,23,2,gfpga_pad_IO_A2F[786],,,,
BOTTOM,0,23,3,gfpga_pad_IO_A2F[787],,,,
BOTTOM,0,23,4,gfpga_pad_IO_A2F[788],,,,
BOTTOM,0,23,5,gfpga_pad_IO_A2F[789],,,,
BOTTOM,0,23,6,gfpga_pad_IO_A2F[790],,,,
BOTTOM,0,23,7,gfpga_pad_IO_A2F[791],,,,
BOTTOM,0,23,8,gfpga_pad_IO_A2F[792],,,,
BOTTOM,0,23,9,gfpga_pad_IO_A2F[793],,,,
BOTTOM,0,23,10,gfpga_pad_IO_A2F[794],,,,
BOTTOM,0,23,11,gfpga_pad_IO_A2F[795],,,,
BOTTOM,0,23,12,gfpga_pad_IO_A2F[796],,,,
BOTTOM,0,23,13,gfpga_pad_IO_A2F[797],,,,
BOTTOM,0,23,14,gfpga_pad_IO_A2F[798],,,,
BOTTOM,0,23,15,gfpga_pad_IO_A2F[799],,,,
BOTTOM,0,22,0,gfpga_pad_IO_A2F[800],,,,
BOTTOM,0,22,1,gfpga_pad_IO_A2F[801],,,,
BOTTOM,0,22,2,gfpga_pad_IO_A2F[802],,,,
BOTTOM,0,22,3,gfpga_pad_IO_A2F[803],,,,
BOTTOM,0,22,4,gfpga_pad_IO_A2F[804],,,,
BOTTOM,0,22,5,gfpga_pad_IO_A2F[805],,,,
BOTTOM,0,22,6,gfpga_pad_IO_A2F[806],,,,
BOTTOM,0,22,7,gfpga_pad_IO_A2F[807],,,,
BOTTOM,0,22,8,gfpga_pad_IO_A2F[808],,,,
BOTTOM,0,22,9,gfpga_pad_IO_A2F[809],,,,
BOTTOM,0,22,10,gfpga_pad_IO_A2F[810],,,,
BOTTOM,0,22,11,gfpga_pad_IO_A2F[811],,,,
BOTTOM,0,22,12,gfpga_pad_IO_A2F[812],,,,
BOTTOM,0,22,13,gfpga_pad_IO_A2F[813],,,,
BOTTOM,0,22,14,gfpga_pad_IO_A2F[814],,,,
BOTTOM,0,22,15,gfpga_pad_IO_A2F[815],,,,
BOTTOM,0,21,0,gfpga_pad_IO_A2F[816],,,,
BOTTOM,0,21,1,gfpga_pad_IO_A2F[817],,,,
BOTTOM,0,21,2,gfpga_pad_IO_A2F[818],,,,
BOTTOM,0,21,3,gfpga_pad_IO_A2F[819],,,,
BOTTOM,0,21,4,gfpga_pad_IO_A2F[820],,,,
BOTTOM,0,21,5,gfpga_pad_IO_A2F[821],,,,
BOTTOM,0,21,6,gfpga_pad_IO_A2F[822],,,,
BOTTOM,0,21,7,gfpga_pad_IO_A2F[823],,,,
BOTTOM,0,21,8,gfpga_pad_IO_A2F[824],,,,
BOTTOM,0,21,9,gfpga_pad_IO_A2F[825],,,,
BOTTOM,0,21,10,gfpga_pad_IO_A2F[826],,,,
BOTTOM,0,21,11,gfpga_pad_IO_A2F[827],,,,
BOTTOM,0,21,12,gfpga_pad_IO_A2F[828],,,,
BOTTOM,0,21,13,gfpga_pad_IO_A2F[829],,,,
BOTTOM,0,21,14,gfpga_pad_IO_A2F[830],,,,
BOTTOM,0,21,15,gfpga_pad_IO_A2F[831],,,,
BOTTOM,0,20,0,gfpga_pad_IO_A2F[832],,,,
BOTTOM,0,20,1,gfpga_pad_IO_A2F[833],,,,
BOTTOM,0,20,2,gfpga_pad_IO_A2F[834],,,,
BOTTOM,0,20,3,gfpga_pad_IO_A2F[835],,,,
BOTTOM,0,20,4,gfpga_pad_IO_A2F[836],,,,
BOTTOM,0,20,5,gfpga_pad_IO_A2F[837],,,,
BOTTOM,0,20,6,gfpga_pad_IO_A2F[838],,,,
BOTTOM,0,20,7,gfpga_pad_IO_A2F[839],,,,
BOTTOM,0,20,8,gfpga_pad_IO_A2F[840],,,,
BOTTOM,0,20,9,gfpga_pad_IO_A2F[841],,,,
BOTTOM,0,20,10,gfpga_pad_IO_A2F[842],,,,
BOTTOM,0,20,11,gfpga_pad_IO_A2F[843],,,,
BOTTOM,0,20,12,gfpga_pad_IO_A2F[844],,,,
BOTTOM,0,20,13,gfpga_pad_IO_A2F[845],,,,
BOTTOM,0,20,14,gfpga_pad_IO_A2F[846],,,,
BOTTOM,0,20,15,gfpga_pad_IO_A2F[847],,,,
BOTTOM,0,19,0,gfpga_pad_IO_A2F[848],,,,
BOTTOM,0,19,1,gfpga_pad_IO_A2F[849],,,,
BOTTOM,0,19,2,gfpga_pad_IO_A2F[850],,,,
BOTTOM,0,19,3,gfpga_pad_IO_A2F[851],,,,
BOTTOM,0,19,4,gfpga_pad_IO_A2F[852],,,,
BOTTOM,0,19,5,gfpga_pad_IO_A2F[853],,,,
BOTTOM,0,19,6,gfpga_pad_IO_A2F[854],,,,
BOTTOM,0,19,7,gfpga_pad_IO_A2F[855],,,,
BOTTOM,0,19,8,gfpga_pad_IO_A2F[856],,,,
BOTTOM,0,19,9,gfpga_pad_IO_A2F[857],,,,
BOTTOM,0,19,10,gfpga_pad_IO_A2F[858],,,,
BOTTOM,0,19,11,gfpga_pad_IO_A2F[859],,,,
BOTTOM,0,19,12,gfpga_pad_IO_A2F[860],,,,
BOTTOM,0,19,13,gfpga_pad_IO_A2F[861],,,,
BOTTOM,0,19,14,gfpga_pad_IO_A2F[862],,,,
BOTTOM,0,19,15,gfpga_pad_IO_A2F[863],,,,
BOTTOM,0,18,0,gfpga_pad_IO_A2F[864],,,,
BOTTOM,0,18,1,gfpga_pad_IO_A2F[865],,,,
BOTTOM,0,18,2,gfpga_pad_IO_A2F[866],,,,
BOTTOM,0,18,3,gfpga_pad_IO_A2F[867],,,,
BOTTOM,0,18,4,gfpga_pad_IO_A2F[868],,,,
BOTTOM,0,18,5,gfpga_pad_IO_A2F[869],,,,
BOTTOM,0,18,6,gfpga_pad_IO_A2F[870],,,,
BOTTOM,0,18,7,gfpga_pad_IO_A2F[871],,,,
BOTTOM,0,18,8,gfpga_pad_IO_A2F[872],,,,
BOTTOM,0,18,9,gfpga_pad_IO_A2F[873],,,,
BOTTOM,0,18,10,gfpga_pad_IO_A2F[874],,,,
BOTTOM,0,18,11,gfpga_pad_IO_A2F[875],,,,
BOTTOM,0,18,12,gfpga_pad_IO_A2F[876],,,,
BOTTOM,0,18,13,gfpga_pad_IO_A2F[877],,,,
BOTTOM,0,18,14,gfpga_pad_IO_A2F[878],,,,
BOTTOM,0,18,15,gfpga_pad_IO_A2F[879],,,,
BOTTOM,0,17,0,gfpga_pad_IO_A2F[880],,,,
BOTTOM,0,17,1,gfpga_pad_IO_A2F[881],,,,
BOTTOM,0,17,2,gfpga_pad_IO_A2F[882],,,,
BOTTOM,0,17,3,gfpga_pad_IO_A2F[883],,,,
BOTTOM,0,17,4,gfpga_pad_IO_A2F[884],,,,
BOTTOM,0,17,5,gfpga_pad_IO_A2F[885],,,,
BOTTOM,0,17,6,gfpga_pad_IO_A2F[886],,,,
BOTTOM,0,17,7,gfpga_pad_IO_A2F[887],,,,
BOTTOM,0,17,8,gfpga_pad_IO_A2F[888],,,,
BOTTOM,0,17,9,gfpga_pad_IO_A2F[889],,,,
BOTTOM,0,17,10,gfpga_pad_IO_A2F[890],,,,
BOTTOM,0,17,11,gfpga_pad_IO_A2F[891],,,,
BOTTOM,0,17,12,gfpga_pad_IO_A2F[892],,,,
BOTTOM,0,17,13,gfpga_pad_IO_A2F[893],,,,
BOTTOM,0,17,14,gfpga_pad_IO_A2F[894],,,,
BOTTOM,0,17,15,gfpga_pad_IO_A2F[895],,,,
BOTTOM,0,16,0,gfpga_pad_IO_A2F[896],,,,
BOTTOM,0,16,1,gfpga_pad_IO_A2F[897],,,,
BOTTOM,0,16,2,gfpga_pad_IO_A2F[898],,,,
BOTTOM,0,16,3,gfpga_pad_IO_A2F[899],,,,
BOTTOM,0,16,4,gfpga_pad_IO_A2F[900],,,,
BOTTOM,0,16,5,gfpga_pad_IO_A2F[901],,,,
BOTTOM,0,16,6,gfpga_pad_IO_A2F[902],,,,
BOTTOM,0,16,7,gfpga_pad_IO_A2F[903],,,,
BOTTOM,0,16,8,gfpga_pad_IO_A2F[904],,,,
BOTTOM,0,16,9,gfpga_pad_IO_A2F[905],,,,
BOTTOM,0,16,10,gfpga_pad_IO_A2F[906],,,,
BOTTOM,0,16,11,gfpga_pad_IO_A2F[907],,,,
BOTTOM,0,16,12,gfpga_pad_IO_A2F[908],,,,
BOTTOM,0,16,13,gfpga_pad_IO_A2F[909],,,,
BOTTOM,0,16,14,gfpga_pad_IO_A2F[910],,,,
BOTTOM,0,16,15,gfpga_pad_IO_A2F[911],,,,
BOTTOM,0,15,0,gfpga_pad_IO_A2F[912],,,,
BOTTOM,0,15,1,gfpga_pad_IO_A2F[913],,,,
BOTTOM,0,15,2,gfpga_pad_IO_A2F[914],,,,
BOTTOM,0,15,3,gfpga_pad_IO_A2F[915],,,,
BOTTOM,0,15,4,gfpga_pad_IO_A2F[916],,,,
BOTTOM,0,15,5,gfpga_pad_IO_A2F[917],,,,
BOTTOM,0,15,6,gfpga_pad_IO_A2F[918],,,,
BOTTOM,0,15,7,gfpga_pad_IO_A2F[919],,,,
BOTTOM,0,15,8,gfpga_pad_IO_A2F[920],,,,
BOTTOM,0,15,9,gfpga_pad_IO_A2F[921],,,,
BOTTOM,0,15,10,gfpga_pad_IO_A2F[922],,,,
BOTTOM,0,15,11,gfpga_pad_IO_A2F[923],,,,
BOTTOM,0,15,12,gfpga_pad_IO_A2F[924],,,,
BOTTOM,0,15,13,gfpga_pad_IO_A2F[925],,,,
BOTTOM,0,15,14,gfpga_pad_IO_A2F[926],,,,
BOTTOM,0,15,15,gfpga_pad_IO_A2F[927],,,,
BOTTOM,0,14,0,gfpga_pad_IO_A2F[928],,,,
BOTTOM,0,14,1,gfpga_pad_IO_A2F[929],,,,
BOTTOM,0,14,2,gfpga_pad_IO_A2F[930],,,,
BOTTOM,0,14,3,gfpga_pad_IO_A2F[931],,,,
BOTTOM,0,14,4,gfpga_pad_IO_A2F[932],,,,
BOTTOM,0,14,5,gfpga_pad_IO_A2F[933],,,,
BOTTOM,0,14,6,gfpga_pad_IO_A2F[934],,,,
BOTTOM,0,14,7,gfpga_pad_IO_A2F[935],,,,
BOTTOM,0,14,8,gfpga_pad_IO_A2F[936],,,,
BOTTOM,0,14,9,gfpga_pad_IO_A2F[937],,,,
BOTTOM,0,14,10,gfpga_pad_IO_A2F[938],,,,
BOTTOM,0,14,11,gfpga_pad_IO_A2F[939],,,,
BOTTOM,0,14,12,gfpga_pad_IO_A2F[940],,,,
BOTTOM,0,14,13,gfpga_pad_IO_A2F[941],,,,
BOTTOM,0,14,14,gfpga_pad_IO_A2F[942],,,,
BOTTOM,0,14,15,gfpga_pad_IO_A2F[943],,,,
BOTTOM,0,13,0,gfpga_pad_IO_A2F[944],,,,
BOTTOM,0,13,1,gfpga_pad_IO_A2F[945],,,,
BOTTOM,0,13,2,gfpga_pad_IO_A2F[946],,,,
BOTTOM,0,13,3,gfpga_pad_IO_A2F[947],,,,
BOTTOM,0,13,4,gfpga_pad_IO_A2F[948],,,,
BOTTOM,0,13,5,gfpga_pad_IO_A2F[949],,,,
BOTTOM,0,13,6,gfpga_pad_IO_A2F[950],,,,
BOTTOM,0,13,7,gfpga_pad_IO_A2F[951],,,,
BOTTOM,0,13,8,gfpga_pad_IO_A2F[952],,,,
BOTTOM,0,13,9,gfpga_pad_IO_A2F[953],,,,
BOTTOM,0,13,10,gfpga_pad_IO_A2F[954],,,,
BOTTOM,0,13,11,gfpga_pad_IO_A2F[955],,,,
BOTTOM,0,13,12,gfpga_pad_IO_A2F[956],,,,
BOTTOM,0,13,13,gfpga_pad_IO_A2F[957],,,,
BOTTOM,0,13,14,gfpga_pad_IO_A2F[958],,,,
BOTTOM,0,13,15,gfpga_pad_IO_A2F[959],,,,
BOTTOM,0,12,0,gfpga_pad_IO_A2F[960],,,,
BOTTOM,0,12,1,gfpga_pad_IO_A2F[961],,,,
BOTTOM,0,12,2,gfpga_pad_IO_A2F[962],,,,
BOTTOM,0,12,3,gfpga_pad_IO_A2F[963],,,,
BOTTOM,0,12,4,gfpga_pad_IO_A2F[964],,,,
BOTTOM,0,12,5,gfpga_pad_IO_A2F[965],,,,
BOTTOM,0,12,6,gfpga_pad_IO_A2F[966],,,,
BOTTOM,0,12,7,gfpga_pad_IO_A2F[967],,,,
BOTTOM,0,12,8,gfpga_pad_IO_A2F[968],,,,
BOTTOM,0,12,9,gfpga_pad_IO_A2F[969],,,,
BOTTOM,0,12,10,gfpga_pad_IO_A2F[970],,,,
BOTTOM,0,12,11,gfpga_pad_IO_A2F[971],,,,
BOTTOM,0,12,12,gfpga_pad_IO_A2F[972],,,,
BOTTOM,0,12,13,gfpga_pad_IO_A2F[973],,,,
BOTTOM,0,12,14,gfpga_pad_IO_A2F[974],,,,
BOTTOM,0,12,15,gfpga_pad_IO_A2F[975],,,,
BOTTOM,0,11,0,gfpga_pad_IO_A2F[976],,,,
BOTTOM,0,11,1,gfpga_pad_IO_A2F[977],,,,
BOTTOM,0,11,2,gfpga_pad_IO_A2F[978],,,,
BOTTOM,0,11,3,gfpga_pad_IO_A2F[979],,,,
BOTTOM,0,11,4,gfpga_pad_IO_A2F[980],,,,
BOTTOM,0,11,5,gfpga_pad_IO_A2F[981],,,,
BOTTOM,0,11,6,gfpga_pad_IO_A2F[982],,,,
BOTTOM,0,11,7,gfpga_pad_IO_A2F[983],,,,
BOTTOM,0,11,8,gfpga_pad_IO_A2F[984],,,,
BOTTOM,0,11,9,gfpga_pad_IO_A2F[985],,,,
BOTTOM,0,11,10,gfpga_pad_IO_A2F[986],,,,
BOTTOM,0,11,11,gfpga_pad_IO_A2F[987],,,,
BOTTOM,0,11,12,gfpga_pad_IO_A2F[988],,,,
BOTTOM,0,11,13,gfpga_pad_IO_A2F[989],,,,
BOTTOM,0,11,14,gfpga_pad_IO_A2F[990],,,,
BOTTOM,0,11,15,gfpga_pad_IO_A2F[991],,,,
BOTTOM,0,10,0,gfpga_pad_IO_A2F[992],,,,
BOTTOM,0,10,1,gfpga_pad_IO_A2F[993],,,,
BOTTOM,0,10,2,gfpga_pad_IO_A2F[994],,,,
BOTTOM,0,10,3,gfpga_pad_IO_A2F[995],,,,
BOTTOM,0,10,4,gfpga_pad_IO_A2F[996],,,,
BOTTOM,0,10,5,gfpga_pad_IO_A2F[997],,,,
BOTTOM,0,10,6,gfpga_pad_IO_A2F[998],,,,
BOTTOM,0,10,7,gfpga_pad_IO_A2F[999],,,,
BOTTOM,0,10,8,gfpga_pad_IO_A2F[1000],,,,
BOTTOM,0,10,9,gfpga_pad_IO_A2F[1001],,,,
BOTTOM,0,10,10,gfpga_pad_IO_A2F[1002],,,,
BOTTOM,0,10,11,gfpga_pad_IO_A2F[1003],,,,
BOTTOM,0,10,12,gfpga_pad_IO_A2F[1004],,,,
BOTTOM,0,10,13,gfpga_pad_IO_A2F[1005],,,,
BOTTOM,0,10,14,gfpga_pad_IO_A2F[1006],,,,
BOTTOM,0,10,15,gfpga_pad_IO_A2F[1007],,,,
BOTTOM,0,9,0,gfpga_pad_IO_A2F[1008],,,,
BOTTOM,0,9,1,gfpga_pad_IO_A2F[1009],,,,
BOTTOM,0,9,2,gfpga_pad_IO_A2F[1010],,,,
BOTTOM,0,9,3,gfpga_pad_IO_A2F[1011],,,,
BOTTOM,0,9,4,gfpga_pad_IO_A2F[1012],,,,
BOTTOM,0,9,5,gfpga_pad_IO_A2F[1013],,,,
BOTTOM,0,9,6,gfpga_pad_IO_A2F[1014],,,,
BOTTOM,0,9,7,gfpga_pad_IO_A2F[1015],,,,
BOTTOM,0,9,8,gfpga_pad_IO_A2F[1016],,,,
BOTTOM,0,9,9,gfpga_pad_IO_A2F[1017],,,,
BOTTOM,0,9,10,gfpga_pad_IO_A2F[1018],,,,
BOTTOM,0,9,11,gfpga_pad_IO_A2F[1019],,,,
BOTTOM,0,9,12,gfpga_pad_IO_A2F[1020],,,,
BOTTOM,0,9,13,gfpga_pad_IO_A2F[1021],,,,
BOTTOM,0,9,14,gfpga_pad_IO_A2F[1022],,,,
BOTTOM,0,9,15,gfpga_pad_IO_A2F[1023],,,,
BOTTOM,0,8,0,gfpga_pad_IO_A2F[1024],,,,
BOTTOM,0,8,1,gfpga_pad_IO_A2F[1025],,,,
BOTTOM,0,8,2,gfpga_pad_IO_A2F[1026],,,,
BOTTOM,0,8,3,gfpga_pad_IO_A2F[1027],,,,
BOTTOM,0,8,4,gfpga_pad_IO_A2F[1028],,,,
BOTTOM,0,8,5,gfpga_pad_IO_A2F[1029],,,,
BOTTOM,0,8,6,gfpga_pad_IO_A2F[1030],,,,
BOTTOM,0,8,7,gfpga_pad_IO_A2F[1031],,,,
BOTTOM,0,8,8,gfpga_pad_IO_A2F[1032],,,,
BOTTOM,0,8,9,gfpga_pad_IO_A2F[1033],,,,
BOTTOM,0,8,10,gfpga_pad_IO_A2F[1034],,,,
BOTTOM,0,8,11,gfpga_pad_IO_A2F[1035],,,,
BOTTOM,0,8,12,gfpga_pad_IO_A2F[1036],,,,
BOTTOM,0,8,13,gfpga_pad_IO_A2F[1037],,,,
BOTTOM,0,8,14,gfpga_pad_IO_A2F[1038],,,,
BOTTOM,0,8,15,gfpga_pad_IO_A2F[1039],,,,
BOTTOM,0,7,0,gfpga_pad_IO_A2F[1040],,,,
BOTTOM,0,7,1,gfpga_pad_IO_A2F[1041],,,,
BOTTOM,0,7,2,gfpga_pad_IO_A2F[1042],,,,
BOTTOM,0,7,3,gfpga_pad_IO_A2F[1043],,,,
BOTTOM,0,7,4,gfpga_pad_IO_A2F[1044],,,,
BOTTOM,0,7,5,gfpga_pad_IO_A2F[1045],,,,
BOTTOM,0,7,6,gfpga_pad_IO_A2F[1046],,,,
BOTTOM,0,7,7,gfpga_pad_IO_A2F[1047],,,,
BOTTOM,0,7,8,gfpga_pad_IO_A2F[1048],,,,
BOTTOM,0,7,9,gfpga_pad_IO_A2F[1049],,,,
BOTTOM,0,7,10,gfpga_pad_IO_A2F[1050],,,,
BOTTOM,0,7,11,gfpga_pad_IO_A2F[1051],,,,
BOTTOM,0,7,12,gfpga_pad_IO_A2F[1052],,,,
BOTTOM,0,7,13,gfpga_pad_IO_A2F[1053],,,,
BOTTOM,0,7,14,gfpga_pad_IO_A2F[1054],,,,
BOTTOM,0,7,15,gfpga_pad_IO_A2F[1055],,,,
BOTTOM,0,6,0,gfpga_pad_IO_A2F[1056],,,,
BOTTOM,0,6,1,gfpga_pad_IO_A2F[1057],,,,
BOTTOM,0,6,2,gfpga_pad_IO_A2F[1058],,,,
BOTTOM,0,6,3,gfpga_pad_IO_A2F[1059],,,,
BOTTOM,0,6,4,gfpga_pad_IO_A2F[1060],,,,
BOTTOM,0,6,5,gfpga_pad_IO_A2F[1061],,,,
BOTTOM,0,6,6,gfpga_pad_IO_A2F[1062],,,,
BOTTOM,0,6,7,gfpga_pad_IO_A2F[1063],,,,
BOTTOM,0,6,8,gfpga_pad_IO_A2F[1064],,,,
BOTTOM,0,6,9,gfpga_pad_IO_A2F[1065],,,,
BOTTOM,0,6,10,gfpga_pad_IO_A2F[1066],,,,
BOTTOM,0,6,11,gfpga_pad_IO_A2F[1067],,,,
BOTTOM,0,6,12,gfpga_pad_IO_A2F[1068],,,,
BOTTOM,0,6,13,gfpga_pad_IO_A2F[1069],,,,
BOTTOM,0,6,14,gfpga_pad_IO_A2F[1070],,,,
BOTTOM,0,6,15,gfpga_pad_IO_A2F[1071],,,,
BOTTOM,0,5,0,gfpga_pad_IO_A2F[1072],,,,
BOTTOM,0,5,1,gfpga_pad_IO_A2F[1073],,,,
BOTTOM,0,5,2,gfpga_pad_IO_A2F[1074],,,,
BOTTOM,0,5,3,gfpga_pad_IO_A2F[1075],,,,
BOTTOM,0,5,4,gfpga_pad_IO_A2F[1076],,,,
BOTTOM,0,5,5,gfpga_pad_IO_A2F[1077],,,,
BOTTOM,0,5,6,gfpga_pad_IO_A2F[1078],,,,
BOTTOM,0,5,7,gfpga_pad_IO_A2F[1079],,,,
BOTTOM,0,5,8,gfpga_pad_IO_A2F[1080],,,,
BOTTOM,0,5,9,gfpga_pad_IO_A2F[1081],,,,
BOTTOM,0,5,10,gfpga_pad_IO_A2F[1082],,,,
BOTTOM,0,5,11,gfpga_pad_IO_A2F[1083],,,,
BOTTOM,0,5,12,gfpga_pad_IO_A2F[1084],,,,
BOTTOM,0,5,13,gfpga_pad_IO_A2F[1085],,,,
BOTTOM,0,5,14,gfpga_pad_IO_A2F[1086],,,,
BOTTOM,0,5,15,gfpga_pad_IO_A2F[1087],,,,
BOTTOM,0,4,0,gfpga_pad_IO_A2F[1088],,,,
BOTTOM,0,4,1,gfpga_pad_IO_A2F[1089],,,,
BOTTOM,0,4,2,gfpga_pad_IO_A2F[1090],,,,
BOTTOM,0,4,3,gfpga_pad_IO_A2F[1091],,,,
BOTTOM,0,4,4,gfpga_pad_IO_A2F[1092],,,,
BOTTOM,0,4,5,gfpga_pad_IO_A2F[1093],,,,
BOTTOM,0,4,6,gfpga_pad_IO_A2F[1094],,,,
BOTTOM,0,4,7,gfpga_pad_IO_A2F[1095],,,,
BOTTOM,0,4,8,gfpga_pad_IO_A2F[1096],,,,
BOTTOM,0,4,9,gfpga_pad_IO_A2F[1097],,,,
BOTTOM,0,4,10,gfpga_pad_IO_A2F[1098],,,,
BOTTOM,0,4,11,gfpga_pad_IO_A2F[1099],,,,
BOTTOM,0,4,12,gfpga_pad_IO_A2F[1100],,,,
BOTTOM,0,4,13,gfpga_pad_IO_A2F[1101],,,,
BOTTOM,0,4,14,gfpga_pad_IO_A2F[1102],,,,
BOTTOM,0,4,15,gfpga_pad_IO_A2F[1103],,,,
BOTTOM,0,3,0,gfpga_pad_IO_A2F[1104],,,,
BOTTOM,0,3,1,gfpga_pad_IO_A2F[1105],,,,
BOTTOM,0,3,2,gfpga_pad_IO_A2F[1106],,,,
BOTTOM,0,3,3,gfpga_pad_IO_A2F[1107],,,,
BOTTOM,0,3,4,gfpga_pad_IO_A2F[1108],,,,
BOTTOM,0,3,5,gfpga_pad_IO_A2F[1109],,,,
BOTTOM,0,3,6,gfpga_pad_IO_A2F[1110],,,,
BOTTOM,0,3,7,gfpga_pad_IO_A2F[1111],,,,
BOTTOM,0,3,8,gfpga_pad_IO_A2F[1112],,,,
BOTTOM,0,3,9,gfpga_pad_IO_A2F[1113],,,,
BOTTOM,0,3,10,gfpga_pad_IO_A2F[1114],,,,
BOTTOM,0,3,11,gfpga_pad_IO_A2F[1115],,,,
BOTTOM,0,3,12,gfpga_pad_IO_A2F[1116],,,,
BOTTOM,0,3,13,gfpga_pad_IO_A2F[1117],,,,
BOTTOM,0,3,14,gfpga_pad_IO_A2F[1118],,,,
BOTTOM,0,3,15,gfpga_pad_IO_A2F[1119],,,,
BOTTOM,0,2,0,gfpga_pad_IO_A2F[1120],,,,
BOTTOM,0,2,1,gfpga_pad_IO_A2F[1121],,,,
BOTTOM,0,2,2,gfpga_pad_IO_A2F[1122],,,,
BOTTOM,0,2,3,gfpga_pad_IO_A2F[1123],,,,
BOTTOM,0,2,4,gfpga_pad_IO_A2F[1124],,,,
BOTTOM,0,2,5,gfpga_pad_IO_A2F[1125],,,,
BOTTOM,0,2,6,gfpga_pad_IO_A2F[1126],,,,
BOTTOM,0,2,7,gfpga_pad_IO_A2F[1127],,,,
BOTTOM,0,2,8,gfpga_pad_IO_A2F[1128],,,,
BOTTOM,0,2,9,gfpga_pad_IO_A2F[1129],,,,
BOTTOM,0,2,10,gfpga_pad_IO_A2F[1130],,,,
BOTTOM,0,2,11,gfpga_pad_IO_A2F[1131],,,,
BOTTOM,0,2,12,gfpga_pad_IO_A2F[1132],,,,
BOTTOM,0,2,13,gfpga_pad_IO_A2F[1133],,,,
BOTTOM,0,2,14,gfpga_pad_IO_A2F[1134],,,,
BOTTOM,0,2,15,gfpga_pad_IO_A2F[1135],,,,
BOTTOM,0,1,0,gfpga_pad_IO_A2F[1136],,,,
BOTTOM,0,1,1,gfpga_pad_IO_A2F[1137],,,,
BOTTOM,0,1,2,gfpga_pad_IO_A2F[1138],,,,
BOTTOM,0,1,3,gfpga_pad_IO_A2F[1139],,,,
BOTTOM,0,1,4,gfpga_pad_IO_A2F[1140],,,,
BOTTOM,0,1,5,gfpga_pad_IO_A2F[1141],,,,
BOTTOM,0,1,6,gfpga_pad_IO_A2F[1142],,,,
BOTTOM,0,1,7,gfpga_pad_IO_A2F[1143],,,,
BOTTOM,0,1,8,gfpga_pad_IO_A2F[1144],,,,
BOTTOM,0,1,9,gfpga_pad_IO_A2F[1145],,,,
BOTTOM,0,1,10,gfpga_pad_IO_A2F[1146],,,,
BOTTOM,0,1,11,gfpga_pad_IO_A2F[1147],,,,
BOTTOM,0,1,12,gfpga_pad_IO_A2F[1148],,,,
BOTTOM,0,1,13,gfpga_pad_IO_A2F[1149],,,,
BOTTOM,0,1,14,gfpga_pad_IO_A2F[1150],,,,
BOTTOM,0,1,15,gfpga_pad_IO_A2F[1151],,,,
LEFT,1,0,0,gfpga_pad_IO_A2F[1152],,,,
LEFT,1,0,1,gfpga_pad_IO_A2F[1153],,,,
LEFT,1,0,2,gfpga_pad_IO_A2F[1154],,,,
LEFT,1,0,3,gfpga_pad_IO_A2F[1155],,,,
LEFT,1,0,4,gfpga_pad_IO_A2F[1156],,,,
LEFT,1,0,5,gfpga_pad_IO_A2F[1157],,,,
LEFT,1,0,6,gfpga_pad_IO_A2F[1158],,,,
LEFT,1,0,7,gfpga_pad_IO_A2F[1159],,,,
LEFT,1,0,8,gfpga_pad_IO_A2F[1160],,,,
LEFT,1,0,9,gfpga_pad_IO_A2F[1161],,,,
LEFT,1,0,10,gfpga_pad_IO_A2F[1162],,,,
LEFT,1,0,11,gfpga_pad_IO_A2F[1163],,,,
LEFT,1,0,12,gfpga_pad_IO_A2F[1164],,,,
LEFT,1,0,13,gfpga_pad_IO_A2F[1165],,,,
LEFT,1,0,14,gfpga_pad_IO_A2F[1166],,,,
LEFT,1,0,15,gfpga_pad_IO_A2F[1167],,,,
LEFT,2,0,0,gfpga_pad_IO_A2F[1168],,,,
LEFT,2,0,1,gfpga_pad_IO_A2F[1169],,,,
LEFT,2,0,2,gfpga_pad_IO_A2F[1170],,,,
LEFT,2,0,3,gfpga_pad_IO_A2F[1171],,,,
LEFT,2,0,4,gfpga_pad_IO_A2F[1172],,,,
LEFT,2,0,5,gfpga_pad_IO_A2F[1173],,,,
LEFT,2,0,6,gfpga_pad_IO_A2F[1174],,,,
LEFT,2,0,7,gfpga_pad_IO_A2F[1175],,,,
LEFT,2,0,8,gfpga_pad_IO_A2F[1176],,,,
LEFT,2,0,9,gfpga_pad_IO_A2F[1177],,,,
LEFT,2,0,10,gfpga_pad_IO_A2F[1178],,,,
LEFT,2,0,11,gfpga_pad_IO_A2F[1179],,,,
LEFT,2,0,12,gfpga_pad_IO_A2F[1180],,,,
LEFT,2,0,13,gfpga_pad_IO_A2F[1181],,,,
LEFT,2,0,14,gfpga_pad_IO_A2F[1182],,,,
LEFT,2,0,15,gfpga_pad_IO_A2F[1183],,,,
LEFT,3,0,0,gfpga_pad_IO_A2F[1184],,,,
LEFT,3,0,1,gfpga_pad_IO_A2F[1185],,,,
LEFT,3,0,2,gfpga_pad_IO_A2F[1186],,,,
LEFT,3,0,3,gfpga_pad_IO_A2F[1187],,,,
LEFT,3,0,4,gfpga_pad_IO_A2F[1188],,,,
LEFT,3,0,5,gfpga_pad_IO_A2F[1189],,,,
LEFT,3,0,6,gfpga_pad_IO_A2F[1190],,,,
LEFT,3,0,7,gfpga_pad_IO_A2F[1191],,,,
LEFT,3,0,8,gfpga_pad_IO_A2F[1192],,,,
LEFT,3,0,9,gfpga_pad_IO_A2F[1193],,,,
LEFT,3,0,10,gfpga_pad_IO_A2F[1194],,,,
LEFT,3,0,11,gfpga_pad_IO_A2F[1195],,,,
LEFT,3,0,12,gfpga_pad_IO_A2F[1196],,,,
LEFT,3,0,13,gfpga_pad_IO_A2F[1197],,,,
LEFT,3,0,14,gfpga_pad_IO_A2F[1198],,,,
LEFT,3,0,15,gfpga_pad_IO_A2F[1199],,,,
LEFT,4,0,0,gfpga_pad_IO_A2F[1200],,,,
LEFT,4,0,1,gfpga_pad_IO_A2F[1201],,,,
LEFT,4,0,2,gfpga_pad_IO_A2F[1202],,,,
LEFT,4,0,3,gfpga_pad_IO_A2F[1203],,,,
LEFT,4,0,4,gfpga_pad_IO_A2F[1204],,,,
LEFT,4,0,5,gfpga_pad_IO_A2F[1205],,,,
LEFT,4,0,6,gfpga_pad_IO_A2F[1206],,,,
LEFT,4,0,7,gfpga_pad_IO_A2F[1207],,,,
LEFT,4,0,8,gfpga_pad_IO_A2F[1208],,,,
LEFT,4,0,9,gfpga_pad_IO_A2F[1209],,,,
LEFT,4,0,10,gfpga_pad_IO_A2F[1210],,,,
LEFT,4,0,11,gfpga_pad_IO_A2F[1211],,,,
LEFT,4,0,12,gfpga_pad_IO_A2F[1212],,,,
LEFT,4,0,13,gfpga_pad_IO_A2F[1213],,,,
LEFT,4,0,14,gfpga_pad_IO_A2F[1214],,,,
LEFT,4,0,15,gfpga_pad_IO_A2F[1215],,,,
LEFT,5,0,0,gfpga_pad_IO_A2F[1216],,,,
LEFT,5,0,1,gfpga_pad_IO_A2F[1217],,,,
LEFT,5,0,2,gfpga_pad_IO_A2F[1218],,,,
LEFT,5,0,3,gfpga_pad_IO_A2F[1219],,,,
LEFT,5,0,4,gfpga_pad_IO_A2F[1220],,,,
LEFT,5,0,5,gfpga_pad_IO_A2F[1221],,,,
LEFT,5,0,6,gfpga_pad_IO_A2F[1222],,,,
LEFT,5,0,7,gfpga_pad_IO_A2F[1223],,,,
LEFT,5,0,8,gfpga_pad_IO_A2F[1224],,,,
LEFT,5,0,9,gfpga_pad_IO_A2F[1225],,,,
LEFT,5,0,10,gfpga_pad_IO_A2F[1226],,,,
LEFT,5,0,11,gfpga_pad_IO_A2F[1227],,,,
LEFT,5,0,12,gfpga_pad_IO_A2F[1228],,,,
LEFT,5,0,13,gfpga_pad_IO_A2F[1229],,,,
LEFT,5,0,14,gfpga_pad_IO_A2F[1230],,,,
LEFT,5,0,15,gfpga_pad_IO_A2F[1231],,,,
LEFT,6,0,0,gfpga_pad_IO_A2F[1232],,,,
LEFT,6,0,1,gfpga_pad_IO_A2F[1233],,,,
LEFT,6,0,2,gfpga_pad_IO_A2F[1234],,,,
LEFT,6,0,3,gfpga_pad_IO_A2F[1235],,,,
LEFT,6,0,4,gfpga_pad_IO_A2F[1236],,,,
LEFT,6,0,5,gfpga_pad_IO_A2F[1237],,,,
LEFT,6,0,6,gfpga_pad_IO_A2F[1238],,,,
LEFT,6,0,7,gfpga_pad_IO_A2F[1239],,,,
LEFT,6,0,8,gfpga_pad_IO_A2F[1240],,,,
LEFT,6,0,9,gfpga_pad_IO_A2F[1241],,,,
LEFT,6,0,10,gfpga_pad_IO_A2F[1242],,,,
LEFT,6,0,11,gfpga_pad_IO_A2F[1243],,,,
LEFT,6,0,12,gfpga_pad_IO_A2F[1244],,,,
LEFT,6,0,13,gfpga_pad_IO_A2F[1245],,,,
LEFT,6,0,14,gfpga_pad_IO_A2F[1246],,,,
LEFT,6,0,15,gfpga_pad_IO_A2F[1247],,,,
LEFT,7,0,0,gfpga_pad_IO_A2F[1248],,,,
LEFT,7,0,1,gfpga_pad_IO_A2F[1249],,,,
LEFT,7,0,2,gfpga_pad_IO_A2F[1250],,,,
LEFT,7,0,3,gfpga_pad_IO_A2F[1251],,,,
LEFT,7,0,4,gfpga_pad_IO_A2F[1252],,,,
LEFT,7,0,5,gfpga_pad_IO_A2F[1253],,,,
LEFT,7,0,6,gfpga_pad_IO_A2F[1254],,,,
LEFT,7,0,7,gfpga_pad_IO_A2F[1255],,,,
LEFT,7,0,8,gfpga_pad_IO_A2F[1256],,,,
LEFT,7,0,9,gfpga_pad_IO_A2F[1257],,,,
LEFT,7,0,10,gfpga_pad_IO_A2F[1258],,,,
LEFT,7,0,11,gfpga_pad_IO_A2F[1259],,,,
LEFT,7,0,12,gfpga_pad_IO_A2F[1260],,,,
LEFT,7,0,13,gfpga_pad_IO_A2F[1261],,,,
LEFT,7,0,14,gfpga_pad_IO_A2F[1262],,,,
LEFT,7,0,15,gfpga_pad_IO_A2F[1263],,,,
LEFT,8,0,0,gfpga_pad_IO_A2F[1264],,,,
LEFT,8,0,1,gfpga_pad_IO_A2F[1265],,,,
LEFT,8,0,2,gfpga_pad_IO_A2F[1266],,,,
LEFT,8,0,3,gfpga_pad_IO_A2F[1267],,,,
LEFT,8,0,4,gfpga_pad_IO_A2F[1268],,,,
LEFT,8,0,5,gfpga_pad_IO_A2F[1269],,,,
LEFT,8,0,6,gfpga_pad_IO_A2F[1270],,,,
LEFT,8,0,7,gfpga_pad_IO_A2F[1271],,,,
LEFT,8,0,8,gfpga_pad_IO_A2F[1272],,,,
LEFT,8,0,9,gfpga_pad_IO_A2F[1273],,,,
LEFT,8,0,10,gfpga_pad_IO_A2F[1274],,,,
LEFT,8,0,11,gfpga_pad_IO_A2F[1275],,,,
LEFT,8,0,12,gfpga_pad_IO_A2F[1276],,,,
LEFT,8,0,13,gfpga_pad_IO_A2F[1277],,,,
LEFT,8,0,14,gfpga_pad_IO_A2F[1278],,,,
LEFT,8,0,15,gfpga_pad_IO_A2F[1279],,,,
LEFT,9,0,0,gfpga_pad_IO_A2F[1280],,,,
LEFT,9,0,1,gfpga_pad_IO_A2F[1281],,,,
LEFT,9,0,2,gfpga_pad_IO_A2F[1282],,,,
LEFT,9,0,3,gfpga_pad_IO_A2F[1283],,,,
LEFT,9,0,4,gfpga_pad_IO_A2F[1284],,,,
LEFT,9,0,5,gfpga_pad_IO_A2F[1285],,,,
LEFT,9,0,6,gfpga_pad_IO_A2F[1286],,,,
LEFT,9,0,7,gfpga_pad_IO_A2F[1287],,,,
LEFT,9,0,8,gfpga_pad_IO_A2F[1288],,,,
LEFT,9,0,9,gfpga_pad_IO_A2F[1289],,,,
LEFT,9,0,10,gfpga_pad_IO_A2F[1290],,,,
LEFT,9,0,11,gfpga_pad_IO_A2F[1291],,,,
LEFT,9,0,12,gfpga_pad_IO_A2F[1292],,,,
LEFT,9,0,13,gfpga_pad_IO_A2F[1293],,,,
LEFT,9,0,14,gfpga_pad_IO_A2F[1294],,,,
LEFT,9,0,15,gfpga_pad_IO_A2F[1295],,,,
LEFT,10,0,0,gfpga_pad_IO_A2F[1296],,,,
LEFT,10,0,1,gfpga_pad_IO_A2F[1297],,,,
LEFT,10,0,2,gfpga_pad_IO_A2F[1298],,,,
LEFT,10,0,3,gfpga_pad_IO_A2F[1299],,,,
LEFT,10,0,4,gfpga_pad_IO_A2F[1300],,,,
LEFT,10,0,5,gfpga_pad_IO_A2F[1301],,,,
LEFT,10,0,6,gfpga_pad_IO_A2F[1302],,,,
LEFT,10,0,7,gfpga_pad_IO_A2F[1303],,,,
LEFT,10,0,8,gfpga_pad_IO_A2F[1304],,,,
LEFT,10,0,9,gfpga_pad_IO_A2F[1305],,,,
LEFT,10,0,10,gfpga_pad_IO_A2F[1306],,,,
LEFT,10,0,11,gfpga_pad_IO_A2F[1307],,,,
LEFT,10,0,12,gfpga_pad_IO_A2F[1308],,,,
LEFT,10,0,13,gfpga_pad_IO_A2F[1309],,,,
LEFT,10,0,14,gfpga_pad_IO_A2F[1310],,,,
LEFT,10,0,15,gfpga_pad_IO_A2F[1311],,,,
LEFT,11,0,0,gfpga_pad_IO_A2F[1312],,,,
LEFT,11,0,1,gfpga_pad_IO_A2F[1313],,,,
LEFT,11,0,2,gfpga_pad_IO_A2F[1314],,,,
LEFT,11,0,3,gfpga_pad_IO_A2F[1315],,,,
LEFT,11,0,4,gfpga_pad_IO_A2F[1316],,,,
LEFT,11,0,5,gfpga_pad_IO_A2F[1317],,,,
LEFT,11,0,6,gfpga_pad_IO_A2F[1318],,,,
LEFT,11,0,7,gfpga_pad_IO_A2F[1319],,,,
LEFT,11,0,8,gfpga_pad_IO_A2F[1320],,,,
LEFT,11,0,9,gfpga_pad_IO_A2F[1321],,,,
LEFT,11,0,10,gfpga_pad_IO_A2F[1322],,,,
LEFT,11,0,11,gfpga_pad_IO_A2F[1323],,,,
LEFT,11,0,12,gfpga_pad_IO_A2F[1324],,,,
LEFT,11,0,13,gfpga_pad_IO_A2F[1325],,,,
LEFT,11,0,14,gfpga_pad_IO_A2F[1326],,,,
LEFT,11,0,15,gfpga_pad_IO_A2F[1327],,,,
LEFT,12,0,0,gfpga_pad_IO_A2F[1328],,,,
LEFT,12,0,1,gfpga_pad_IO_A2F[1329],,,,
LEFT,12,0,2,gfpga_pad_IO_A2F[1330],,,,
LEFT,12,0,3,gfpga_pad_IO_A2F[1331],,,,
LEFT,12,0,4,gfpga_pad_IO_A2F[1332],,,,
LEFT,12,0,5,gfpga_pad_IO_A2F[1333],,,,
LEFT,12,0,6,gfpga_pad_IO_A2F[1334],,,,
LEFT,12,0,7,gfpga_pad_IO_A2F[1335],,,,
LEFT,12,0,8,gfpga_pad_IO_A2F[1336],,,,
LEFT,12,0,9,gfpga_pad_IO_A2F[1337],,,,
LEFT,12,0,10,gfpga_pad_IO_A2F[1338],,,,
LEFT,12,0,11,gfpga_pad_IO_A2F[1339],,,,
LEFT,12,0,12,gfpga_pad_IO_A2F[1340],,,,
LEFT,12,0,13,gfpga_pad_IO_A2F[1341],,,,
LEFT,12,0,14,gfpga_pad_IO_A2F[1342],,,,
LEFT,12,0,15,gfpga_pad_IO_A2F[1343],,,,
LEFT,13,0,0,gfpga_pad_IO_A2F[1344],,,,
LEFT,13,0,1,gfpga_pad_IO_A2F[1345],,,,
LEFT,13,0,2,gfpga_pad_IO_A2F[1346],,,,
LEFT,13,0,3,gfpga_pad_IO_A2F[1347],,,,
LEFT,13,0,4,gfpga_pad_IO_A2F[1348],,,,
LEFT,13,0,5,gfpga_pad_IO_A2F[1349],,,,
LEFT,13,0,6,gfpga_pad_IO_A2F[1350],,,,
LEFT,13,0,7,gfpga_pad_IO_A2F[1351],,,,
LEFT,13,0,8,gfpga_pad_IO_A2F[1352],,,,
LEFT,13,0,9,gfpga_pad_IO_A2F[1353],,,,
LEFT,13,0,10,gfpga_pad_IO_A2F[1354],,,,
LEFT,13,0,11,gfpga_pad_IO_A2F[1355],,,,
LEFT,13,0,12,gfpga_pad_IO_A2F[1356],,,,
LEFT,13,0,13,gfpga_pad_IO_A2F[1357],,,,
LEFT,13,0,14,gfpga_pad_IO_A2F[1358],,,,
LEFT,13,0,15,gfpga_pad_IO_A2F[1359],,,,
LEFT,14,0,0,gfpga_pad_IO_A2F[1360],,,,
LEFT,14,0,1,gfpga_pad_IO_A2F[1361],,,,
LEFT,14,0,2,gfpga_pad_IO_A2F[1362],,,,
LEFT,14,0,3,gfpga_pad_IO_A2F[1363],,,,
LEFT,14,0,4,gfpga_pad_IO_A2F[1364],,,,
LEFT,14,0,5,gfpga_pad_IO_A2F[1365],,,,
LEFT,14,0,6,gfpga_pad_IO_A2F[1366],,,,
LEFT,14,0,7,gfpga_pad_IO_A2F[1367],,,,
LEFT,14,0,8,gfpga_pad_IO_A2F[1368],,,,
LEFT,14,0,9,gfpga_pad_IO_A2F[1369],,,,
LEFT,14,0,10,gfpga_pad_IO_A2F[1370],,,,
LEFT,14,0,11,gfpga_pad_IO_A2F[1371],,,,
LEFT,14,0,12,gfpga_pad_IO_A2F[1372],,,,
LEFT,14,0,13,gfpga_pad_IO_A2F[1373],,,,
LEFT,14,0,14,gfpga_pad_IO_A2F[1374],,,,
LEFT,14,0,15,gfpga_pad_IO_A2F[1375],,,,
LEFT,15,0,0,gfpga_pad_IO_A2F[1376],,,,
LEFT,15,0,1,gfpga_pad_IO_A2F[1377],,,,
LEFT,15,0,2,gfpga_pad_IO_A2F[1378],,,,
LEFT,15,0,3,gfpga_pad_IO_A2F[1379],,,,
LEFT,15,0,4,gfpga_pad_IO_A2F[1380],,,,
LEFT,15,0,5,gfpga_pad_IO_A2F[1381],,,,
LEFT,15,0,6,gfpga_pad_IO_A2F[1382],,,,
LEFT,15,0,7,gfpga_pad_IO_A2F[1383],,,,
LEFT,15,0,8,gfpga_pad_IO_A2F[1384],,,,
LEFT,15,0,9,gfpga_pad_IO_A2F[1385],,,,
LEFT,15,0,10,gfpga_pad_IO_A2F[1386],,,,
LEFT,15,0,11,gfpga_pad_IO_A2F[1387],,,,
LEFT,15,0,12,gfpga_pad_IO_A2F[1388],,,,
LEFT,15,0,13,gfpga_pad_IO_A2F[1389],,,,
LEFT,15,0,14,gfpga_pad_IO_A2F[1390],,,,
LEFT,15,0,15,gfpga_pad_IO_A2F[1391],,,,
LEFT,16,0,0,gfpga_pad_IO_A2F[1392],,,,
LEFT,16,0,1,gfpga_pad_IO_A2F[1393],,,,
LEFT,16,0,2,gfpga_pad_IO_A2F[1394],,,,
LEFT,16,0,3,gfpga_pad_IO_A2F[1395],,,,
LEFT,16,0,4,gfpga_pad_IO_A2F[1396],,,,
LEFT,16,0,5,gfpga_pad_IO_A2F[1397],,,,
LEFT,16,0,6,gfpga_pad_IO_A2F[1398],,,,
LEFT,16,0,7,gfpga_pad_IO_A2F[1399],,,,
LEFT,16,0,8,gfpga_pad_IO_A2F[1400],,,,
LEFT,16,0,9,gfpga_pad_IO_A2F[1401],,,,
LEFT,16,0,10,gfpga_pad_IO_A2F[1402],,,,
LEFT,16,0,11,gfpga_pad_IO_A2F[1403],,,,
LEFT,16,0,12,gfpga_pad_IO_A2F[1404],,,,
LEFT,16,0,13,gfpga_pad_IO_A2F[1405],,,,
LEFT,16,0,14,gfpga_pad_IO_A2F[1406],,,,
LEFT,16,0,15,gfpga_pad_IO_A2F[1407],,,,
LEFT,17,0,0,gfpga_pad_IO_A2F[1408],,,,
LEFT,17,0,1,gfpga_pad_IO_A2F[1409],,,,
LEFT,17,0,2,gfpga_pad_IO_A2F[1410],,,,
LEFT,17,0,3,gfpga_pad_IO_A2F[1411],,,,
LEFT,17,0,4,gfpga_pad_IO_A2F[1412],,,,
LEFT,17,0,5,gfpga_pad_IO_A2F[1413],,,,
LEFT,17,0,6,gfpga_pad_IO_A2F[1414],,,,
LEFT,17,0,7,gfpga_pad_IO_A2F[1415],,,,
LEFT,17,0,8,gfpga_pad_IO_A2F[1416],,,,
LEFT,17,0,9,gfpga_pad_IO_A2F[1417],,,,
LEFT,17,0,10,gfpga_pad_IO_A2F[1418],,,,
LEFT,17,0,11,gfpga_pad_IO_A2F[1419],,,,
LEFT,17,0,12,gfpga_pad_IO_A2F[1420],,,,
LEFT,17,0,13,gfpga_pad_IO_A2F[1421],,,,
LEFT,17,0,14,gfpga_pad_IO_A2F[1422],,,,
LEFT,17,0,15,gfpga_pad_IO_A2F[1423],,,,
LEFT,18,0,0,gfpga_pad_IO_A2F[1424],,,,
LEFT,18,0,1,gfpga_pad_IO_A2F[1425],,,,
LEFT,18,0,2,gfpga_pad_IO_A2F[1426],,,,
LEFT,18,0,3,gfpga_pad_IO_A2F[1427],,,,
LEFT,18,0,4,gfpga_pad_IO_A2F[1428],,,,
LEFT,18,0,5,gfpga_pad_IO_A2F[1429],,,,
LEFT,18,0,6,gfpga_pad_IO_A2F[1430],,,,
LEFT,18,0,7,gfpga_pad_IO_A2F[1431],,,,
LEFT,18,0,8,gfpga_pad_IO_A2F[1432],,,,
LEFT,18,0,9,gfpga_pad_IO_A2F[1433],,,,
LEFT,18,0,10,gfpga_pad_IO_A2F[1434],,,,
LEFT,18,0,11,gfpga_pad_IO_A2F[1435],,,,
LEFT,18,0,12,gfpga_pad_IO_A2F[1436],,,,
LEFT,18,0,13,gfpga_pad_IO_A2F[1437],,,,
LEFT,18,0,14,gfpga_pad_IO_A2F[1438],,,,
LEFT,18,0,15,gfpga_pad_IO_A2F[1439],,,,
LEFT,19,0,0,gfpga_pad_IO_A2F[1440],,,,
LEFT,19,0,1,gfpga_pad_IO_A2F[1441],,,,
LEFT,19,0,2,gfpga_pad_IO_A2F[1442],,,,
LEFT,19,0,3,gfpga_pad_IO_A2F[1443],,,,
LEFT,19,0,4,gfpga_pad_IO_A2F[1444],,,,
LEFT,19,0,5,gfpga_pad_IO_A2F[1445],,,,
LEFT,19,0,6,gfpga_pad_IO_A2F[1446],,,,
LEFT,19,0,7,gfpga_pad_IO_A2F[1447],,,,
LEFT,19,0,8,gfpga_pad_IO_A2F[1448],,,,
LEFT,19,0,9,gfpga_pad_IO_A2F[1449],,,,
LEFT,19,0,10,gfpga_pad_IO_A2F[1450],,,,
LEFT,19,0,11,gfpga_pad_IO_A2F[1451],,,,
LEFT,19,0,12,gfpga_pad_IO_A2F[1452],,,,
LEFT,19,0,13,gfpga_pad_IO_A2F[1453],,,,
LEFT,19,0,14,gfpga_pad_IO_A2F[1454],,,,
LEFT,19,0,15,gfpga_pad_IO_A2F[1455],,,,
LEFT,20,0,0,gfpga_pad_IO_A2F[1456],,,,
LEFT,20,0,1,gfpga_pad_IO_A2F[1457],,,,
LEFT,20,0,2,gfpga_pad_IO_A2F[1458],,,,
LEFT,20,0,3,gfpga_pad_IO_A2F[1459],,,,
LEFT,20,0,4,gfpga_pad_IO_A2F[1460],,,,
LEFT,20,0,5,gfpga_pad_IO_A2F[1461],,,,
LEFT,20,0,6,gfpga_pad_IO_A2F[1462],,,,
LEFT,20,0,7,gfpga_pad_IO_A2F[1463],,,,
LEFT,20,0,8,gfpga_pad_IO_A2F[1464],,,,
LEFT,20,0,9,gfpga_pad_IO_A2F[1465],,,,
LEFT,20,0,10,gfpga_pad_IO_A2F[1466],,,,
LEFT,20,0,11,gfpga_pad_IO_A2F[1467],,,,
LEFT,20,0,12,gfpga_pad_IO_A2F[1468],,,,
LEFT,20,0,13,gfpga_pad_IO_A2F[1469],,,,
LEFT,20,0,14,gfpga_pad_IO_A2F[1470],,,,
LEFT,20,0,15,gfpga_pad_IO_A2F[1471],,,,
LEFT,21,0,0,gfpga_pad_IO_A2F[1472],,,,
LEFT,21,0,1,gfpga_pad_IO_A2F[1473],,,,
LEFT,21,0,2,gfpga_pad_IO_A2F[1474],,,,
LEFT,21,0,3,gfpga_pad_IO_A2F[1475],,,,
LEFT,21,0,4,gfpga_pad_IO_A2F[1476],,,,
LEFT,21,0,5,gfpga_pad_IO_A2F[1477],,,,
LEFT,21,0,6,gfpga_pad_IO_A2F[1478],,,,
LEFT,21,0,7,gfpga_pad_IO_A2F[1479],,,,
LEFT,21,0,8,gfpga_pad_IO_A2F[1480],,,,
LEFT,21,0,9,gfpga_pad_IO_A2F[1481],,,,
LEFT,21,0,10,gfpga_pad_IO_A2F[1482],,,,
LEFT,21,0,11,gfpga_pad_IO_A2F[1483],,,,
LEFT,21,0,12,gfpga_pad_IO_A2F[1484],,,,
LEFT,21,0,13,gfpga_pad_IO_A2F[1485],,,,
LEFT,21,0,14,gfpga_pad_IO_A2F[1486],,,,
LEFT,21,0,15,gfpga_pad_IO_A2F[1487],,,,
LEFT,22,0,0,gfpga_pad_IO_A2F[1488],,,,
LEFT,22,0,1,gfpga_pad_IO_A2F[1489],,,,
LEFT,22,0,2,gfpga_pad_IO_A2F[1490],,,,
LEFT,22,0,3,gfpga_pad_IO_A2F[1491],,,,
LEFT,22,0,4,gfpga_pad_IO_A2F[1492],,,,
LEFT,22,0,5,gfpga_pad_IO_A2F[1493],,,,
LEFT,22,0,6,gfpga_pad_IO_A2F[1494],,,,
LEFT,22,0,7,gfpga_pad_IO_A2F[1495],,,,
LEFT,22,0,8,gfpga_pad_IO_A2F[1496],,,,
LEFT,22,0,9,gfpga_pad_IO_A2F[1497],,,,
LEFT,22,0,10,gfpga_pad_IO_A2F[1498],,,,
LEFT,22,0,11,gfpga_pad_IO_A2F[1499],,,,
LEFT,22,0,12,gfpga_pad_IO_A2F[1500],,,,
LEFT,22,0,13,gfpga_pad_IO_A2F[1501],,,,
LEFT,22,0,14,gfpga_pad_IO_A2F[1502],,,,
LEFT,22,0,15,gfpga_pad_IO_A2F[1503],,,,
LEFT,23,0,0,gfpga_pad_IO_A2F[1504],,,,
LEFT,23,0,1,gfpga_pad_IO_A2F[1505],,,,
LEFT,23,0,2,gfpga_pad_IO_A2F[1506],,,,
LEFT,23,0,3,gfpga_pad_IO_A2F[1507],,,,
LEFT,23,0,4,gfpga_pad_IO_A2F[1508],,,,
LEFT,23,0,5,gfpga_pad_IO_A2F[1509],,,,
LEFT,23,0,6,gfpga_pad_IO_A2F[1510],,,,
LEFT,23,0,7,gfpga_pad_IO_A2F[1511],,,,
LEFT,23,0,8,gfpga_pad_IO_A2F[1512],,,,
LEFT,23,0,9,gfpga_pad_IO_A2F[1513],,,,
LEFT,23,0,10,gfpga_pad_IO_A2F[1514],,,,
LEFT,23,0,11,gfpga_pad_IO_A2F[1515],,,,
LEFT,23,0,12,gfpga_pad_IO_A2F[1516],,,,
LEFT,23,0,13,gfpga_pad_IO_A2F[1517],,,,
LEFT,23,0,14,gfpga_pad_IO_A2F[1518],,,,
LEFT,23,0,15,gfpga_pad_IO_A2F[1519],,,,
LEFT,24,0,0,gfpga_pad_IO_A2F[1520],,,,
LEFT,24,0,1,gfpga_pad_IO_A2F[1521],,,,
LEFT,24,0,2,gfpga_pad_IO_A2F[1522],,,,
LEFT,24,0,3,gfpga_pad_IO_A2F[1523],,,,
LEFT,24,0,4,gfpga_pad_IO_A2F[1524],,,,
LEFT,24,0,5,gfpga_pad_IO_A2F[1525],,,,
LEFT,24,0,6,gfpga_pad_IO_A2F[1526],,,,
LEFT,24,0,7,gfpga_pad_IO_A2F[1527],,,,
LEFT,24,0,8,gfpga_pad_IO_A2F[1528],,,,
LEFT,24,0,9,gfpga_pad_IO_A2F[1529],,,,
LEFT,24,0,10,gfpga_pad_IO_A2F[1530],,,,
LEFT,24,0,11,gfpga_pad_IO_A2F[1531],,,,
LEFT,24,0,12,gfpga_pad_IO_A2F[1532],,,,
LEFT,24,0,13,gfpga_pad_IO_A2F[1533],,,,
LEFT,24,0,14,gfpga_pad_IO_A2F[1534],,,,
LEFT,24,0,15,gfpga_pad_IO_A2F[1535],,,,
RIGHT,24,25,0,gfpga_pad_IO_A2F[384],,,,
RIGHT,24,25,1,gfpga_pad_IO_A2F[385],,,,
RIGHT,24,25,2,gfpga_pad_IO_A2F[386],,,,
RIGHT,24,25,3,gfpga_pad_IO_A2F[387],,,,
RIGHT,24,25,4,gfpga_pad_IO_A2F[388],,,,
RIGHT,24,25,5,gfpga_pad_IO_A2F[389],,,,
RIGHT,24,25,6,gfpga_pad_IO_A2F[390],,,,
RIGHT,24,25,7,gfpga_pad_IO_A2F[391],,,,
RIGHT,24,25,8,gfpga_pad_IO_A2F[392],,,,
RIGHT,24,25,9,gfpga_pad_IO_A2F[393],,,,
RIGHT,24,25,10,gfpga_pad_IO_A2F[394],,,,
RIGHT,24,25,11,gfpga_pad_IO_A2F[395],,,,
RIGHT,24,25,12,gfpga_pad_IO_A2F[396],,,,
RIGHT,24,25,13,gfpga_pad_IO_A2F[397],,,,
RIGHT,24,25,14,gfpga_pad_IO_A2F[398],,,,
RIGHT,24,25,15,gfpga_pad_IO_A2F[399],,,,
RIGHT,23,25,0,gfpga_pad_IO_A2F[400],,,,
RIGHT,23,25,1,gfpga_pad_IO_A2F[401],,,,
RIGHT,23,25,2,gfpga_pad_IO_A2F[402],,,,
RIGHT,23,25,3,gfpga_pad_IO_A2F[403],,,,
RIGHT,23,25,4,gfpga_pad_IO_A2F[404],,,,
RIGHT,23,25,5,gfpga_pad_IO_A2F[405],,,,
RIGHT,23,25,6,gfpga_pad_IO_A2F[406],,,,
RIGHT,23,25,7,gfpga_pad_IO_A2F[407],,,,
RIGHT,23,25,8,gfpga_pad_IO_A2F[408],,,,
RIGHT,23,25,9,gfpga_pad_IO_A2F[409],,,,
RIGHT,23,25,10,gfpga_pad_IO_A2F[410],,,,
RIGHT,23,25,11,gfpga_pad_IO_A2F[411],,,,
RIGHT,23,25,12,gfpga_pad_IO_A2F[412],,,,
RIGHT,23,25,13,gfpga_pad_IO_A2F[413],,,,
RIGHT,23,25,14,gfpga_pad_IO_A2F[414],,,,
RIGHT,23,25,15,gfpga_pad_IO_A2F[415],,,,
RIGHT,22,25,0,gfpga_pad_IO_A2F[416],,,,
RIGHT,22,25,1,gfpga_pad_IO_A2F[417],,,,
RIGHT,22,25,2,gfpga_pad_IO_A2F[418],,,,
RIGHT,22,25,3,gfpga_pad_IO_A2F[419],,,,
RIGHT,22,25,4,gfpga_pad_IO_A2F[420],,,,
RIGHT,22,25,5,gfpga_pad_IO_A2F[421],,,,
RIGHT,22,25,6,gfpga_pad_IO_A2F[422],,,,
RIGHT,22,25,7,gfpga_pad_IO_A2F[423],,,,
RIGHT,22,25,8,gfpga_pad_IO_A2F[424],,,,
RIGHT,22,25,9,gfpga_pad_IO_A2F[425],,,,
RIGHT,22,25,10,gfpga_pad_IO_A2F[426],,,,
RIGHT,22,25,11,gfpga_pad_IO_A2F[427],,,,
RIGHT,22,25,12,gfpga_pad_IO_A2F[428],,,,
RIGHT,22,25,13,gfpga_pad_IO_A2F[429],,,,
RIGHT,22,25,14,gfpga_pad_IO_A2F[430],,,,
RIGHT,22,25,15,gfpga_pad_IO_A2F[431],,,,
RIGHT,21,25,0,gfpga_pad_IO_A2F[432],,,,
RIGHT,21,25,1,gfpga_pad_IO_A2F[433],,,,
RIGHT,21,25,2,gfpga_pad_IO_A2F[434],,,,
RIGHT,21,25,3,gfpga_pad_IO_A2F[435],,,,
RIGHT,21,25,4,gfpga_pad_IO_A2F[436],,,,
RIGHT,21,25,5,gfpga_pad_IO_A2F[437],,,,
RIGHT,21,25,6,gfpga_pad_IO_A2F[438],,,,
RIGHT,21,25,7,gfpga_pad_IO_A2F[439],,,,
RIGHT,21,25,8,gfpga_pad_IO_A2F[440],,,,
RIGHT,21,25,9,gfpga_pad_IO_A2F[441],,,,
RIGHT,21,25,10,gfpga_pad_IO_A2F[442],,,,
RIGHT,21,25,11,gfpga_pad_IO_A2F[443],,,,
RIGHT,21,25,12,gfpga_pad_IO_A2F[444],,,,
RIGHT,21,25,13,gfpga_pad_IO_A2F[445],,,,
RIGHT,21,25,14,gfpga_pad_IO_A2F[446],,,,
RIGHT,21,25,15,gfpga_pad_IO_A2F[447],,,,
RIGHT,20,25,0,gfpga_pad_IO_A2F[448],,,,
RIGHT,20,25,1,gfpga_pad_IO_A2F[449],,,,
RIGHT,20,25,2,gfpga_pad_IO_A2F[450],,,,
RIGHT,20,25,3,gfpga_pad_IO_A2F[451],,,,
RIGHT,20,25,4,gfpga_pad_IO_A2F[452],,,,
RIGHT,20,25,5,gfpga_pad_IO_A2F[453],,,,
RIGHT,20,25,6,gfpga_pad_IO_A2F[454],,,,
RIGHT,20,25,7,gfpga_pad_IO_A2F[455],,,,
RIGHT,20,25,8,gfpga_pad_IO_A2F[456],,,,
RIGHT,20,25,9,gfpga_pad_IO_A2F[457],,,,
RIGHT,20,25,10,gfpga_pad_IO_A2F[458],,,,
RIGHT,20,25,11,gfpga_pad_IO_A2F[459],,,,
RIGHT,20,25,12,gfpga_pad_IO_A2F[460],,,,
RIGHT,20,25,13,gfpga_pad_IO_A2F[461],,,,
RIGHT,20,25,14,gfpga_pad_IO_A2F[462],,,,
RIGHT,20,25,15,gfpga_pad_IO_A2F[463],,,,
RIGHT,19,25,0,gfpga_pad_IO_A2F[464],,,,
RIGHT,19,25,1,gfpga_pad_IO_A2F[465],,,,
RIGHT,19,25,2,gfpga_pad_IO_A2F[466],,,,
RIGHT,19,25,3,gfpga_pad_IO_A2F[467],,,,
RIGHT,19,25,4,gfpga_pad_IO_A2F[468],,,,
RIGHT,19,25,5,gfpga_pad_IO_A2F[469],,,,
RIGHT,19,25,6,gfpga_pad_IO_A2F[470],,,,
RIGHT,19,25,7,gfpga_pad_IO_A2F[471],,,,
RIGHT,19,25,8,gfpga_pad_IO_A2F[472],,,,
RIGHT,19,25,9,gfpga_pad_IO_A2F[473],,,,
RIGHT,19,25,10,gfpga_pad_IO_A2F[474],,,,
RIGHT,19,25,11,gfpga_pad_IO_A2F[475],,,,
RIGHT,19,25,12,gfpga_pad_IO_A2F[476],,,,
RIGHT,19,25,13,gfpga_pad_IO_A2F[477],,,,
RIGHT,19,25,14,gfpga_pad_IO_A2F[478],,,,
RIGHT,19,25,15,gfpga_pad_IO_A2F[479],,,,
RIGHT,18,25,0,gfpga_pad_IO_A2F[480],,,,
RIGHT,18,25,1,gfpga_pad_IO_A2F[481],,,,
RIGHT,18,25,2,gfpga_pad_IO_A2F[482],,,,
RIGHT,18,25,3,gfpga_pad_IO_A2F[483],,,,
RIGHT,18,25,4,gfpga_pad_IO_A2F[484],,,,
RIGHT,18,25,5,gfpga_pad_IO_A2F[485],,,,
RIGHT,18,25,6,gfpga_pad_IO_A2F[486],,,,
RIGHT,18,25,7,gfpga_pad_IO_A2F[487],,,,
RIGHT,18,25,8,gfpga_pad_IO_A2F[488],,,,
RIGHT,18,25,9,gfpga_pad_IO_A2F[489],,,,
RIGHT,18,25,10,gfpga_pad_IO_A2F[490],,,,
RIGHT,18,25,11,gfpga_pad_IO_A2F[491],,,,
RIGHT,18,25,12,gfpga_pad_IO_A2F[492],,,,
RIGHT,18,25,13,gfpga_pad_IO_A2F[493],,,,
RIGHT,18,25,14,gfpga_pad_IO_A2F[494],,,,
RIGHT,18,25,15,gfpga_pad_IO_A2F[495],,,,
RIGHT,17,25,0,gfpga_pad_IO_A2F[496],,,,
RIGHT,17,25,1,gfpga_pad_IO_A2F[497],,,,
RIGHT,17,25,2,gfpga_pad_IO_A2F[498],,,,
RIGHT,17,25,3,gfpga_pad_IO_A2F[499],,,,
RIGHT,17,25,4,gfpga_pad_IO_A2F[500],,,,
RIGHT,17,25,5,gfpga_pad_IO_A2F[501],,,,
RIGHT,17,25,6,gfpga_pad_IO_A2F[502],,,,
RIGHT,17,25,7,gfpga_pad_IO_A2F[503],,,,
RIGHT,17,25,8,gfpga_pad_IO_A2F[504],,,,
RIGHT,17,25,9,gfpga_pad_IO_A2F[505],,,,
RIGHT,17,25,10,gfpga_pad_IO_A2F[506],,,,
RIGHT,17,25,11,gfpga_pad_IO_A2F[507],,,,
RIGHT,17,25,12,gfpga_pad_IO_A2F[508],,,,
RIGHT,17,25,13,gfpga_pad_IO_A2F[509],,,,
RIGHT,17,25,14,gfpga_pad_IO_A2F[510],,,,
RIGHT,17,25,15,gfpga_pad_IO_A2F[511],,,,
RIGHT,16,25,0,gfpga_pad_IO_A2F[512],,,,
RIGHT,16,25,1,gfpga_pad_IO_A2F[513],,,,
RIGHT,16,25,2,gfpga_pad_IO_A2F[514],,,,
RIGHT,16,25,3,gfpga_pad_IO_A2F[515],,,,
RIGHT,16,25,4,gfpga_pad_IO_A2F[516],,,,
RIGHT,16,25,5,gfpga_pad_IO_A2F[517],,,,
RIGHT,16,25,6,gfpga_pad_IO_A2F[518],,,,
RIGHT,16,25,7,gfpga_pad_IO_A2F[519],,,,
RIGHT,16,25,8,gfpga_pad_IO_A2F[520],,,,
RIGHT,16,25,9,gfpga_pad_IO_A2F[521],,,,
RIGHT,16,25,10,gfpga_pad_IO_A2F[522],,,,
RIGHT,16,25,11,gfpga_pad_IO_A2F[523],,,,
RIGHT,16,25,12,gfpga_pad_IO_A2F[524],,,,
RIGHT,16,25,13,gfpga_pad_IO_A2F[525],,,,
RIGHT,16,25,14,gfpga_pad_IO_A2F[526],,,,
RIGHT,16,25,15,gfpga_pad_IO_A2F[527],,,,
RIGHT,15,25,0,gfpga_pad_IO_A2F[528],,,,
RIGHT,15,25,1,gfpga_pad_IO_A2F[529],,,,
RIGHT,15,25,2,gfpga_pad_IO_A2F[530],,,,
RIGHT,15,25,3,gfpga_pad_IO_A2F[531],,,,
RIGHT,15,25,4,gfpga_pad_IO_A2F[532],,,,
RIGHT,15,25,5,gfpga_pad_IO_A2F[533],,,,
RIGHT,15,25,6,gfpga_pad_IO_A2F[534],,,,
RIGHT,15,25,7,gfpga_pad_IO_A2F[535],,,,
RIGHT,15,25,8,gfpga_pad_IO_A2F[536],,,,
RIGHT,15,25,9,gfpga_pad_IO_A2F[537],,,,
RIGHT,15,25,10,gfpga_pad_IO_A2F[538],,,,
RIGHT,15,25,11,gfpga_pad_IO_A2F[539],,,,
RIGHT,15,25,12,gfpga_pad_IO_A2F[540],,,,
RIGHT,15,25,13,gfpga_pad_IO_A2F[541],,,,
RIGHT,15,25,14,gfpga_pad_IO_A2F[542],,,,
RIGHT,15,25,15,gfpga_pad_IO_A2F[543],,,,
RIGHT,14,25,0,gfpga_pad_IO_A2F[544],,,,
RIGHT,14,25,1,gfpga_pad_IO_A2F[545],,,,
RIGHT,14,25,2,gfpga_pad_IO_A2F[546],,,,
RIGHT,14,25,3,gfpga_pad_IO_A2F[547],,,,
RIGHT,14,25,4,gfpga_pad_IO_A2F[548],,,,
RIGHT,14,25,5,gfpga_pad_IO_A2F[549],,,,
RIGHT,14,25,6,gfpga_pad_IO_A2F[550],,,,
RIGHT,14,25,7,gfpga_pad_IO_A2F[551],,,,
RIGHT,14,25,8,gfpga_pad_IO_A2F[552],,,,
RIGHT,14,25,9,gfpga_pad_IO_A2F[553],,,,
RIGHT,14,25,10,gfpga_pad_IO_A2F[554],,,,
RIGHT,14,25,11,gfpga_pad_IO_A2F[555],,,,
RIGHT,14,25,12,gfpga_pad_IO_A2F[556],,,,
RIGHT,14,25,13,gfpga_pad_IO_A2F[557],,,,
RIGHT,14,25,14,gfpga_pad_IO_A2F[558],,,,
RIGHT,14,25,15,gfpga_pad_IO_A2F[559],,,,
RIGHT,13,25,0,gfpga_pad_IO_A2F[560],,,,
RIGHT,13,25,1,gfpga_pad_IO_A2F[561],,,,
RIGHT,13,25,2,gfpga_pad_IO_A2F[562],,,,
RIGHT,13,25,3,gfpga_pad_IO_A2F[563],,,,
RIGHT,13,25,4,gfpga_pad_IO_A2F[564],,,,
RIGHT,13,25,5,gfpga_pad_IO_A2F[565],,,,
RIGHT,13,25,6,gfpga_pad_IO_A2F[566],,,,
RIGHT,13,25,7,gfpga_pad_IO_A2F[567],,,,
RIGHT,13,25,8,gfpga_pad_IO_A2F[568],,,,
RIGHT,13,25,9,gfpga_pad_IO_A2F[569],,,,
RIGHT,13,25,10,gfpga_pad_IO_A2F[570],,,,
RIGHT,13,25,11,gfpga_pad_IO_A2F[571],,,,
RIGHT,13,25,12,gfpga_pad_IO_A2F[572],,,,
RIGHT,13,25,13,gfpga_pad_IO_A2F[573],,,,
RIGHT,13,25,14,gfpga_pad_IO_A2F[574],,,,
RIGHT,13,25,15,gfpga_pad_IO_A2F[575],,,,
RIGHT,12,25,0,gfpga_pad_IO_A2F[576],,,,
RIGHT,12,25,1,gfpga_pad_IO_A2F[577],,,,
RIGHT,12,25,2,gfpga_pad_IO_A2F[578],,,,
RIGHT,12,25,3,gfpga_pad_IO_A2F[579],,,,
RIGHT,12,25,4,gfpga_pad_IO_A2F[580],,,,
RIGHT,12,25,5,gfpga_pad_IO_A2F[581],,,,
RIGHT,12,25,6,gfpga_pad_IO_A2F[582],,,,
RIGHT,12,25,7,gfpga_pad_IO_A2F[583],,,,
RIGHT,12,25,8,gfpga_pad_IO_A2F[584],,,,
RIGHT,12,25,9,gfpga_pad_IO_A2F[585],,,,
RIGHT,12,25,10,gfpga_pad_IO_A2F[586],,,,
RIGHT,12,25,11,gfpga_pad_IO_A2F[587],,,,
RIGHT,12,25,12,gfpga_pad_IO_A2F[588],,,,
RIGHT,12,25,13,gfpga_pad_IO_A2F[589],,,,
RIGHT,12,25,14,gfpga_pad_IO_A2F[590],,,,
RIGHT,12,25,15,gfpga_pad_IO_A2F[591],,,,
RIGHT,11,25,0,gfpga_pad_IO_A2F[592],,,,
RIGHT,11,25,1,gfpga_pad_IO_A2F[593],,,,
RIGHT,11,25,2,gfpga_pad_IO_A2F[594],,,,
RIGHT,11,25,3,gfpga_pad_IO_A2F[595],,,,
RIGHT,11,25,4,gfpga_pad_IO_A2F[596],,,,
RIGHT,11,25,5,gfpga_pad_IO_A2F[597],,,,
RIGHT,11,25,6,gfpga_pad_IO_A2F[598],,,,
RIGHT,11,25,7,gfpga_pad_IO_A2F[599],,,,
RIGHT,11,25,8,gfpga_pad_IO_A2F[600],,,,
RIGHT,11,25,9,gfpga_pad_IO_A2F[601],,,,
RIGHT,11,25,10,gfpga_pad_IO_A2F[602],,,,
RIGHT,11,25,11,gfpga_pad_IO_A2F[603],,,,
RIGHT,11,25,12,gfpga_pad_IO_A2F[604],,,,
RIGHT,11,25,13,gfpga_pad_IO_A2F[605],,,,
RIGHT,11,25,14,gfpga_pad_IO_A2F[606],,,,
RIGHT,11,25,15,gfpga_pad_IO_A2F[607],,,,
RIGHT,10,25,0,gfpga_pad_IO_A2F[608],,,,
RIGHT,10,25,1,gfpga_pad_IO_A2F[609],,,,
RIGHT,10,25,2,gfpga_pad_IO_A2F[610],,,,
RIGHT,10,25,3,gfpga_pad_IO_A2F[611],,,,
RIGHT,10,25,4,gfpga_pad_IO_A2F[612],,,,
RIGHT,10,25,5,gfpga_pad_IO_A2F[613],,,,
RIGHT,10,25,6,gfpga_pad_IO_A2F[614],,,,
RIGHT,10,25,7,gfpga_pad_IO_A2F[615],,,,
RIGHT,10,25,8,gfpga_pad_IO_A2F[616],,,,
RIGHT,10,25,9,gfpga_pad_IO_A2F[617],,,,
RIGHT,10,25,10,gfpga_pad_IO_A2F[618],,,,
RIGHT,10,25,11,gfpga_pad_IO_A2F[619],,,,
RIGHT,10,25,12,gfpga_pad_IO_A2F[620],,,,
RIGHT,10,25,13,gfpga_pad_IO_A2F[621],,,,
RIGHT,10,25,14,gfpga_pad_IO_A2F[622],,,,
RIGHT,10,25,15,gfpga_pad_IO_A2F[623],,,,
RIGHT,9,25,0,gfpga_pad_IO_A2F[624],,,,
RIGHT,9,25,1,gfpga_pad_IO_A2F[625],,,,
RIGHT,9,25,2,gfpga_pad_IO_A2F[626],,,,
RIGHT,9,25,3,gfpga_pad_IO_A2F[627],,,,
RIGHT,9,25,4,gfpga_pad_IO_A2F[628],,,,
RIGHT,9,25,5,gfpga_pad_IO_A2F[629],,,,
RIGHT,9,25,6,gfpga_pad_IO_A2F[630],,,,
RIGHT,9,25,7,gfpga_pad_IO_A2F[631],,,,
RIGHT,9,25,8,gfpga_pad_IO_A2F[632],,,,
RIGHT,9,25,9,gfpga_pad_IO_A2F[633],,,,
RIGHT,9,25,10,gfpga_pad_IO_A2F[634],,,,
RIGHT,9,25,11,gfpga_pad_IO_A2F[635],,,,
RIGHT,9,25,12,gfpga_pad_IO_A2F[636],,,,
RIGHT,9,25,13,gfpga_pad_IO_A2F[637],,,,
RIGHT,9,25,14,gfpga_pad_IO_A2F[638],,,,
RIGHT,9,25,15,gfpga_pad_IO_A2F[639],,,,
RIGHT,8,25,0,gfpga_pad_IO_A2F[640],,,,
RIGHT,8,25,1,gfpga_pad_IO_A2F[641],,,,
RIGHT,8,25,2,gfpga_pad_IO_A2F[642],,,,
RIGHT,8,25,3,gfpga_pad_IO_A2F[643],,,,
RIGHT,8,25,4,gfpga_pad_IO_A2F[644],,,,
RIGHT,8,25,5,gfpga_pad_IO_A2F[645],,,,
RIGHT,8,25,6,gfpga_pad_IO_A2F[646],,,,
RIGHT,8,25,7,gfpga_pad_IO_A2F[647],,,,
RIGHT,8,25,8,gfpga_pad_IO_A2F[648],,,,
RIGHT,8,25,9,gfpga_pad_IO_A2F[649],,,,
RIGHT,8,25,10,gfpga_pad_IO_A2F[650],,,,
RIGHT,8,25,11,gfpga_pad_IO_A2F[651],,,,
RIGHT,8,25,12,gfpga_pad_IO_A2F[652],,,,
RIGHT,8,25,13,gfpga_pad_IO_A2F[653],,,,
RIGHT,8,25,14,gfpga_pad_IO_A2F[654],,,,
RIGHT,8,25,15,gfpga_pad_IO_A2F[655],,,,
RIGHT,7,25,0,gfpga_pad_IO_A2F[656],,,,
RIGHT,7,25,1,gfpga_pad_IO_A2F[657],,,,
RIGHT,7,25,2,gfpga_pad_IO_A2F[658],,,,
RIGHT,7,25,3,gfpga_pad_IO_A2F[659],,,,
RIGHT,7,25,4,gfpga_pad_IO_A2F[660],,,,
RIGHT,7,25,5,gfpga_pad_IO_A2F[661],,,,
RIGHT,7,25,6,gfpga_pad_IO_A2F[662],,,,
RIGHT,7,25,7,gfpga_pad_IO_A2F[663],,,,
RIGHT,7,25,8,gfpga_pad_IO_A2F[664],,,,
RIGHT,7,25,9,gfpga_pad_IO_A2F[665],,,,
RIGHT,7,25,10,gfpga_pad_IO_A2F[666],,,,
RIGHT,7,25,11,gfpga_pad_IO_A2F[667],,,,
RIGHT,7,25,12,gfpga_pad_IO_A2F[668],,,,
RIGHT,7,25,13,gfpga_pad_IO_A2F[669],,,,
RIGHT,7,25,14,gfpga_pad_IO_A2F[670],,,,
RIGHT,7,25,15,gfpga_pad_IO_A2F[671],,,,
RIGHT,6,25,0,gfpga_pad_IO_A2F[672],,,,
RIGHT,6,25,1,gfpga_pad_IO_A2F[673],,,,
RIGHT,6,25,2,gfpga_pad_IO_A2F[674],,,,
RIGHT,6,25,3,gfpga_pad_IO_A2F[675],,,,
RIGHT,6,25,4,gfpga_pad_IO_A2F[676],,,,
RIGHT,6,25,5,gfpga_pad_IO_A2F[677],,,,
RIGHT,6,25,6,gfpga_pad_IO_A2F[678],,,,
RIGHT,6,25,7,gfpga_pad_IO_A2F[679],,,,
RIGHT,6,25,8,gfpga_pad_IO_A2F[680],,,,
RIGHT,6,25,9,gfpga_pad_IO_A2F[681],,,,
RIGHT,6,25,10,gfpga_pad_IO_A2F[682],,,,
RIGHT,6,25,11,gfpga_pad_IO_A2F[683],,,,
RIGHT,6,25,12,gfpga_pad_IO_A2F[684],,,,
RIGHT,6,25,13,gfpga_pad_IO_A2F[685],,,,
RIGHT,6,25,14,gfpga_pad_IO_A2F[686],,,,
RIGHT,6,25,15,gfpga_pad_IO_A2F[687],,,,
RIGHT,5,25,0,gfpga_pad_IO_A2F[688],,,,
RIGHT,5,25,1,gfpga_pad_IO_A2F[689],,,,
RIGHT,5,25,2,gfpga_pad_IO_A2F[690],,,,
RIGHT,5,25,3,gfpga_pad_IO_A2F[691],,,,
RIGHT,5,25,4,gfpga_pad_IO_A2F[692],,,,
RIGHT,5,25,5,gfpga_pad_IO_A2F[693],,,,
RIGHT,5,25,6,gfpga_pad_IO_A2F[694],,,,
RIGHT,5,25,7,gfpga_pad_IO_A2F[695],,,,
RIGHT,5,25,8,gfpga_pad_IO_A2F[696],,,,
RIGHT,5,25,9,gfpga_pad_IO_A2F[697],,,,
RIGHT,5,25,10,gfpga_pad_IO_A2F[698],,,,
RIGHT,5,25,11,gfpga_pad_IO_A2F[699],,,,
RIGHT,5,25,12,gfpga_pad_IO_A2F[700],,,,
RIGHT,5,25,13,gfpga_pad_IO_A2F[701],,,,
RIGHT,5,25,14,gfpga_pad_IO_A2F[702],,,,
RIGHT,5,25,15,gfpga_pad_IO_A2F[703],,,,
RIGHT,4,25,0,gfpga_pad_IO_A2F[704],,,,
RIGHT,4,25,1,gfpga_pad_IO_A2F[705],,,,
RIGHT,4,25,2,gfpga_pad_IO_A2F[706],,,,
RIGHT,4,25,3,gfpga_pad_IO_A2F[707],,,,
RIGHT,4,25,4,gfpga_pad_IO_A2F[708],,,,
RIGHT,4,25,5,gfpga_pad_IO_A2F[709],,,,
RIGHT,4,25,6,gfpga_pad_IO_A2F[710],,,,
RIGHT,4,25,7,gfpga_pad_IO_A2F[711],,,,
RIGHT,4,25,8,gfpga_pad_IO_A2F[712],,,,
RIGHT,4,25,9,gfpga_pad_IO_A2F[713],,,,
RIGHT,4,25,10,gfpga_pad_IO_A2F[714],,,,
RIGHT,4,25,11,gfpga_pad_IO_A2F[715],,,,
RIGHT,4,25,12,gfpga_pad_IO_A2F[716],,,,
RIGHT,4,25,13,gfpga_pad_IO_A2F[717],,,,
RIGHT,4,25,14,gfpga_pad_IO_A2F[718],,,,
RIGHT,4,25,15,gfpga_pad_IO_A2F[719],,,,
RIGHT,3,25,0,gfpga_pad_IO_A2F[720],,,,
RIGHT,3,25,1,gfpga_pad_IO_A2F[721],,,,
RIGHT,3,25,2,gfpga_pad_IO_A2F[722],,,,
RIGHT,3,25,3,gfpga_pad_IO_A2F[723],,,,
RIGHT,3,25,4,gfpga_pad_IO_A2F[724],,,,
RIGHT,3,25,5,gfpga_pad_IO_A2F[725],,,,
RIGHT,3,25,6,gfpga_pad_IO_A2F[726],,,,
RIGHT,3,25,7,gfpga_pad_IO_A2F[727],,,,
RIGHT,3,25,8,gfpga_pad_IO_A2F[728],,,,
RIGHT,3,25,9,gfpga_pad_IO_A2F[729],,,,
RIGHT,3,25,10,gfpga_pad_IO_A2F[730],,,,
RIGHT,3,25,11,gfpga_pad_IO_A2F[731],,,,
RIGHT,3,25,12,gfpga_pad_IO_A2F[732],,,,
RIGHT,3,25,13,gfpga_pad_IO_A2F[733],,,,
RIGHT,3,25,14,gfpga_pad_IO_A2F[734],,,,
RIGHT,3,25,15,gfpga_pad_IO_A2F[735],,,,
RIGHT,2,25,0,gfpga_pad_IO_A2F[736],,,,
RIGHT,2,25,1,gfpga_pad_IO_A2F[737],,,,
RIGHT,2,25,2,gfpga_pad_IO_A2F[738],,,,
RIGHT,2,25,3,gfpga_pad_IO_A2F[739],,,,
RIGHT,2,25,4,gfpga_pad_IO_A2F[740],,,,
RIGHT,2,25,5,gfpga_pad_IO_A2F[741],,,,
RIGHT,2,25,6,gfpga_pad_IO_A2F[742],,,,
RIGHT,2,25,7,gfpga_pad_IO_A2F[743],,,,
RIGHT,2,25,8,gfpga_pad_IO_A2F[744],,,,
RIGHT,2,25,9,gfpga_pad_IO_A2F[745],,,,
RIGHT,2,25,10,gfpga_pad_IO_A2F[746],,,,
RIGHT,2,25,11,gfpga_pad_IO_A2F[747],,,,
RIGHT,2,25,12,gfpga_pad_IO_A2F[748],,,,
RIGHT,2,25,13,gfpga_pad_IO_A2F[749],,,,
RIGHT,2,25,14,gfpga_pad_IO_A2F[750],,,,
RIGHT,2,25,15,gfpga_pad_IO_A2F[751],,,,
RIGHT,1,25,0,gfpga_pad_IO_A2F[752],,,,
RIGHT,1,25,1,gfpga_pad_IO_A2F[753],,,,
RIGHT,1,25,2,gfpga_pad_IO_A2F[754],,,,
RIGHT,1,25,3,gfpga_pad_IO_A2F[755],,,,
RIGHT,1,25,4,gfpga_pad_IO_A2F[756],,,,
RIGHT,1,25,5,gfpga_pad_IO_A2F[757],,,,
RIGHT,1,25,6,gfpga_pad_IO_A2F[758],,,,
RIGHT,1,25,7,gfpga_pad_IO_A2F[759],,,,
RIGHT,1,25,8,gfpga_pad_IO_A2F[760],,,,
RIGHT,1,25,9,gfpga_pad_IO_A2F[761],,,,
RIGHT,1,25,10,gfpga_pad_IO_A2F[762],,,,
RIGHT,1,25,11,gfpga_pad_IO_A2F[763],,,,
RIGHT,1,25,12,gfpga_pad_IO_A2F[764],,,,
RIGHT,1,25,13,gfpga_pad_IO_A2F[765],,,,
RIGHT,1,25,14,gfpga_pad_IO_A2F[766],,,,
RIGHT,1,25,15,gfpga_pad_IO_A2F[767],,,,
